InternalProjectID,YearForecastProduced,ForecastYear,TrafficForecast,TollType,FunctionalClass,ForecastMethodology,ImprovementType,State,Year_ofObservation,Count,AdjustedForecast
75086,2002,2003,27070,1,1,6,1,41,2008,28740,28897.5
25377,2002,2003,11540,1,3,6,12,41,2003,11000,11540
25377,2002,2003,10740,1,3,6,12,41,2003,11670,10740
25377,2002,2003,1020,1,5,6,12,41,2004,1440,1037.5
16964,2002,2003,62530,1,1,6,12,41,2003,67020,62530
22788,2002,2003,46460,1,1,6,12,41,2003,34920,46460
20996,2002,2004,20540,1,1,6,12,41,2010,17970,23498
21582,2002,2004,6550,1,3,6,1,41,2005,6090,6598.333333
24316,2002,2004,7280,1,3,6,1,41,2009,6470,7630
24316,2002,2004,12170,1,3,6,1,41,2009,10150,12755
24316,2002,2004,8540,1,3,6,1,41,2009,6910,8950
23569,2002,2004,6070,1,3,6,12,41,2009,6200,6360
23569,2002,2004,9430,1,3,6,12,41,2009,6510,9902.5
22398,2002,2004,16370,1,3,6,12,41,2009,12330,17677.5
22398,2002,2004,17410,1,3,6,12,41,2009,13320,18700
24316,2002,2004,5760,1,4,6,1,41,2009,4140,6037.5
22666,2002,2004,2280,1,5,6,1,41,2004,1720,2280
24316,2002,2004,4440,1,5,6,1,41,2009,3540,4652.5
24316,2002,2004,9450,1,5,6,1,41,2009,4390,9662.5
23569,2002,2004,3400,1,5,6,12,41,2009,3810,3582.5
22398,2002,2004,1350,1,5,6,12,41,2009,1690,1490
22398,2002,2004,1890,1,5,6,12,41,2009,2040,2077.5
23174,2002,2004,4260,1,5,6,12,41,2009,2630,4682.5
23174,2002,2004,3290,1,5,6,12,41,2009,2670,3617.5
23174,2002,2004,3370,1,5,6,12,41,2009,1310,3700
23174,2002,2004,2830,1,5,6,12,41,2009,1310,3105
21453,2002,2004,26400,1,1,6,1,41,2005,20800,26633.33333
21453,2002,2004,17700,1,1,6,1,41,2005,16210,17875
21938,2002,2004,17980,1,3,6,1,41,2007,15060,18842.5
21938,2002,2004,12790,1,3,6,1,41,2007,11830,13466.5
22232,2002,2004,21590,1,3,6,12,41,2005,17890,21859
22232,2002,2004,11890,1,3,6,12,41,2005,10320,12046
22232,2002,2004,16020,1,3,6,12,41,2005,13800,16043.5
20996,2003,2004,20540,1,1,6,12,41,2010,17970,23498
24738,2003,2004,9160,1,4,6,1,41,2004,9320,9160
24738,2003,2004,1070,1,5,6,1,41,2004,1360,1070
25154,2003,2004,61870,1,1,6,1,41,2009,66090,65265
25154,2003,2004,97990,1,1,6,1,41,2009,66090,100595
25159,2003,2004,64940,1,1,6,1,41,2004,63900,64940
25159,2003,2004,64130,1,1,6,1,41,2004,65220,64130
77057,2003,2004,23590,1,3,6,12,41,2006,17770,24331
77057,2003,2004,21820,1,3,6,12,41,2006,17830,22532
77057,2003,2004,2650,1,5,6,12,41,2006,2070,2686
20236,2004,2004,40720,1,1,6,11,41,2006,39990,42842
20236,2004,2004,40690,1,1,6,11,41,2006,40130,42744
20236,2004,2004,8900,1,5,6,11,41,2006,7020,9290
20236,2004,2004,8210,1,5,6,11,41,2006,7230,8696
23586,2004,2004,4490,1,5,6,1,41,2005,3850,4563.333333
23586,2004,2004,2450,1,5,6,1,41,2005,2490,2479.166667
24794,2002,2005,15130,1,1,6,1,41,2004,15580,14751.5
24794,2002,2005,17250,1,1,6,1,41,2004,17800,16800.5
24794,2002,2005,15530,1,1,6,1,41,2004,18020,15091.5
19932,2002,2005,36600,1,1,6,12,41,2010,41700,39760
23265,2002,2005,21140,1,3,6,12,41,2005,14590,21140
23894,2002,2005,16690,1,3,6,12,41,2006,16060,16914.5
23894,2002,2005,18820,1,3,6,12,41,2006,16060,19072
23265,2002,2005,8250,1,4,6,12,41,2005,7570,8250
19503,2003,2005,14410,1,3,6,1,41,2005,14880,14410
23717,2003,2005,10080,1,3,6,12,41,2005,9290,10080
23903,2003,2005,6530,1,4,6,2,41,2010,6190,7232.5
23903,2003,2005,2360,1,4,6,2,41,2010,2680,2500
23903,2003,2005,6560,1,4,6,2,41,2010,6710,7202.5
75182,2003,2005,8430,1,5,6,2,41,2006,7700,8510.5
75182,2003,2005,9230,1,5,6,2,41,2006,6480,9594.5
76265,2003,2005,6300,1,5,6,2,41,2005,7160,6300
22219,2003,2005,4060,1,5,6,1,41,2010,3360,3570
22219,2003,2005,2100,1,5,6,1,41,2010,1950,2310
25713,2003,2005,70110,1,1,6,12,41,2006,73350,70894.5
25713,2003,2005,136140,1,1,6,12,41,2006,150740,137477
24441,2003,2005,97990,1,1,6,1,41,2006,102780,98511
24441,2003,2005,102150,1,1,6,1,41,2006,104240,102608
24441,2003,2005,102480,1,1,6,1,41,2006,105090,102928
24441,2003,2005,125470,1,1,6,1,41,2006,128670,125955.5
19503,2003,2005,17270,1,1,6,1,41,2005,14210,17270
21785,2003,2005,14080,1,4,6,12,41,2007,12810,14378
23716,2004,2005,12560,1,3,6,1,41,2006,11710,12836.66667
23587,2004,2005,6340,1,3,6,1,41,2006,3850,6444.166667
23576,2004,2005,11930,1,4,6,1,41,2005,11610,11930
10914,2004,2005,73040,1,1,6,11,41,2006,75310,73627
10914,2004,2005,72910,1,1,6,11,41,2006,72880,73531
10914,2004,2005,68810,1,1,6,11,41,2006,65950,69396
10914,2004,2005,62360,1,1,6,11,41,2006,57050,62891
18702,2004,2005,89090,1,1,6,12,41,2007,103690,90623
75869,2004,2005,104800,1,1,6,12,41,2006,107210,105735
75869,2004,2005,92700,1,1,6,12,41,2006,107060,94180
75869,2004,2005,96000,1,1,6,12,41,2006,107060,97500
75869,2004,2005,83800,1,1,6,12,41,2006,99300,85290
76968,2004,2005,27290,1,3,6,12,41,2007,28540,27436
23584,2004,2005,6870,1,3,6,1,41,2006,6730,6997.5
23586,2004,2005,26380,1,4,6,12,41,2005,20610,26380
23586,2004,2005,22760,1,4,6,12,41,2005,11990,22760
23586,2004,2005,15620,1,4,6,12,41,2005,11990,15620
22491,2003,2006,15180,1,4,6,3,41,2008,12100,15756
22491,2003,2006,8730,1,4,6,3,41,2006,6850,8730
22491,2003,2006,10410,1,4,6,3,41,2006,8460,10410
22491,2003,2006,14850,1,4,6,3,41,2006,12700,14850
22491,2003,2006,3460,1,6,6,3,41,2006,2250,3460
22491,2003,2006,1460,1,6,6,3,41,2006,1840,1460
77076,2004,2006,13220,1,5,6,11,41,2009,10590,14347.5
25677,2004,2006,1340,1,5,6,1,41,2007,890,1371.666667
23582,2004,2006,4580,1,5,6,1,41,2006,3160,4580
23582,2004,2006,990,1,5,6,1,41,2006,280,990
23582,2004,2006,5760,1,5,6,1,41,2006,2090,5760
23582,2004,2006,990,1,5,6,1,41,2006,2440,990
23582,2004,2006,1570,1,5,6,1,41,2008,790,1608.333333
25662,2004,2006,2670,1,5,6,1,41,2011,930,2886.666667
25662,2004,2006,3920,1,5,6,1,41,2008,3210,4041.666667
25657,2004,2006,2140,1,5,6,1,41,2006,1620,2140
25677,2004,2006,750,1,5,6,1,41,2008,540,751.6666667
25677,2004,2006,5660,1,5,6,1,41,2008,3760,5665
25677,2004,2006,930,1,6,6,1,41,2007,630,935.8333333
77076,2004,2006,71360,1,1,6,11,41,2009,64620,72597.5
77076,2004,2006,81210,1,1,6,11,41,2009,72930,83275
23830,2004,2006,37160,1,1,6,12,41,2007,32090,37818
23830,2004,2006,54680,1,1,6,12,41,2007,51190,55466
77129,2004,2006,37760,1,1,6,12,41,2006,25840,37760
77129,2004,2006,29720,1,1,6,12,41,2006,20450,29720
76480,2004,2006,18720,1,3,6,2,41,2006,15720,18720
76480,2004,2006,19820,1,3,6,2,41,2006,15720,19820
76480,2004,2006,16840,1,3,6,2,41,2006,9760,16840
76480,2004,2006,13720,1,3,6,2,41,2006,9760,13720
23825,2004,2006,23980,1,3,6,1,41,2006,20590,23980
25695,2004,2006,23920,1,3,6,1,41,2006,19320,23920
77129,2004,2006,14500,1,3,6,12,41,2006,11030,14500
18239,2004,2006,14100,1,4,6,12,41,2007,15180,14348.5
25677,2004,2006,7830,1,4,6,1,41,2006,7580,7830
25695,2004,2006,5390,1,4,6,1,41,2006,1840,5390
25698,2004,2006,8360,1,4,6,1,41,2008,7690,8846.666667
25698,2004,2006,16420,1,4,6,1,41,2008,14660,17421.66667
77076,2004,2006,14850,1,5,6,11,41,2009,12050,16835
21075,2005,2006,4170,1,5,6,12,41,2008,3060,4821
21583,2005,2006,41340,1,1,6,1,41,2006,41370,41340
23735,2005,2006,22730,1,1,6,1,41,2006,21950,22730
23735,2005,2006,20800,1,1,6,1,41,2006,18810,20800
25499,2005,2006,71460,1,1,6,3,41,2009,65990,71752.5
75691,2006,2006,8870,1,4,6,1,41,2006,7150,8870
24598,2002,2007,3500,1,5,6,1,41,2011,2800,3702
76375,2003,2007,8950,1,4,6,2,41,2010,7820,9208
76375,2003,2007,8860,1,4,6,2,41,2010,8050,9448
76375,2003,2007,8790,1,4,6,2,41,2010,8230,9565.5
76375,2003,2007,7960,1,4,6,2,41,2010,6640,8579.5
23914,2003,2007,3580,1,4,6,1,41,2007,2960,3580
24597,2003,2007,6650,1,4,6,1,41,2007,3880,6650
24597,2003,2007,8620,1,4,6,1,41,2007,5970,8620
75861,2003,2007,1170,1,5,6,2,41,2008,1060,1197.5
25325,2003,2007,41440,1,1,6,12,41,2007,39200,41440
76441,2004,2007,21660,1,3,6,2,41,2008,19420,21869
76267,2004,2007,16600,1,4,6,2,41,2008,12970,16875
21616,2005,2007,37960,1,1,6,1,41,2007,31230,37960
21616,2005,2007,37930,1,1,6,1,41,2007,32090,37930
23832,2005,2007,14380,1,3,6,1,41,2007,13900,14380
18604,2005,2007,6950,1,3,6,1,41,2009,4620,7151.666667
18630,2005,2007,10980,1,3,6,1,41,2008,8200,11083.33333
18630,2005,2007,12980,1,3,6,1,41,2008,10080,13091.66667
77877,2005,2007,790,1,5,6,1,41,2008,790,793.3333333
77877,2005,2007,960,1,5,6,1,41,2008,900,975
77877,2005,2007,1680,1,5,6,1,41,2008,1610,1710.833333
25676,2005,2007,1190,1,5,6,1,41,2009,560,1233.333333
23577,2005,2007,3520,1,5,6,1,41,2010,3650,3620
23577,2005,2007,5660,1,5,6,1,41,2010,5090,5812.5
23577,2005,2007,8600,1,5,6,1,41,2010,8150,8787.5
24691,2005,2007,31680,1,1,6,1,41,2009,36860,31816.66667
18296,2005,2007,27890,1,1,6,1,41,2010,22230,30520
25700,2005,2007,13230,1,3,6,1,41,2009,18170,13800
25700,2005,2007,7720,1,3,6,1,41,2009,6200,7831.666667
25700,2005,2007,10740,1,3,6,1,41,2009,7780,10878.33333
25700,2005,2007,7040,1,3,6,1,41,2009,4390,7146.666667
25700,2005,2007,16530,1,3,6,1,41,2009,10790,17431.66667
25700,2005,2007,10980,1,3,6,1,41,2009,8490,11191.66667
25700,2005,2007,5300,1,3,6,1,41,2009,4670,5355
25661,2005,2007,30590,1,3,6,1,41,2010,22420,31880
25700,2005,2007,11410,1,4,6,1,41,2009,9770,11910
23577,2005,2007,11350,1,4,6,1,41,2010,10220,11812.5
78044,2005,2007,3120,1,5,6,1,41,2009,3130,3152
25676,2005,2007,2390,1,5,6,1,41,2009,2020,2453.333333
25661,2005,2007,4860,1,5,6,1,41,2010,4560,5082.5
80065,2006,2007,29280,1,1,6,1,41,2008,30680,29708.33333
25668,2006,2007,8700,1,3,6,1,41,2009,6760,8951.666667
25668,2006,2007,11370,1,3,6,1,41,2009,7150,11935
25668,2006,2007,9360,1,3,6,1,41,2009,5400,9851.666667
75408,2006,2007,2220,1,3,6,1,41,2008,2050,2256.666667
75408,2006,2007,5260,1,3,6,1,41,2008,4680,5364.166667
75408,2006,2007,6360,1,3,6,1,41,2008,5440,6436.666667
23737,2006,2007,14440,1,3,6,1,41,2007,15440,14440
23737,2006,2007,12030,1,3,6,1,41,2007,14950,12030
25681,2006,2007,4820,1,4,6,1,41,2009,4070,4923.333333
25681,2006,2007,3630,1,4,6,1,41,2009,1600,3670
25681,2006,2007,1800,1,4,6,1,41,2009,1290,1863.333333
25681,2006,2007,3880,1,4,6,1,41,2009,3280,4028.333333
25681,2006,2007,5210,1,4,6,1,41,2009,3500,5388.333333
25679,2006,2007,9470,1,4,6,1,41,2008,4530,9609.166667
81359,2006,2007,124260,1,1,6,1,41,2007,124000,124260
79951,2006,2007,130960,1,1,6,1,41,2010,117930,133990
79951,2006,2007,122890,1,1,6,1,41,2010,110880,125456.5
79951,2006,2007,92420,1,1,6,1,41,2010,71800,97148
79951,2006,2007,98420,1,1,6,1,41,2010,93360,99276.5
79951,2006,2007,130390,1,1,6,1,41,2010,122640,132958
80931,2006,2007,167040,1,1,6,1,41,2009,172000,171196.6667
23737,2006,2007,16380,1,1,6,1,41,2007,17280,16380
79951,2006,2007,28050,1,3,6,1,41,2010,24740,28627.5
79951,2006,2007,30830,1,3,6,1,41,2010,29950,31283
79951,2006,2007,36200,1,3,6,1,41,2010,28200,36581
25679,2006,2007,7780,1,3,6,1,41,2007,4080,7780
25679,2006,2007,7380,1,3,6,1,41,2008,3170,7435
25679,2006,2007,2350,1,5,6,1,41,2007,5440,2350
25679,2006,2007,1220,1,5,6,1,41,2007,1400,1220
82154,2007,2007,11710,1,3,6,2,41,2009,10980,12300
82154,2007,2007,14850,1,3,6,2,41,2009,10980,15486
82154,2007,2007,9540,1,3,6,2,41,2009,9410,9727
82154,2007,2007,9810,1,3,6,2,41,2009,9410,10002
76378,2003,2008,26460,1,3,6,2,41,2009,23600,26689
76378,2003,2008,27900,1,3,6,2,41,2009,23600,28147
23833,2005,2008,14970,1,3,6,1,41,2009,12420,15369
77078,2005,2008,131000,1,1,6,1,41,2010,116150,132030
23833,2005,2008,11820,1,3,6,1,41,2009,10760,12075
77895,2005,2008,12370,1,3,6,12,41,2009,9410,12392.5
77037,2006,2008,31330,1,1,6,1,41,2010,25090,32753.33333
77037,2006,2008,30410,1,1,6,1,41,2010,25530,31776.66667
77037,2006,2008,40310,1,1,6,1,41,2010,37920,41935
77273,2006,2008,7290,1,3,6,1,41,2010,6180,7500
77273,2006,2008,13570,1,3,6,1,41,2010,12000,14033.33333
77273,2006,2008,5430,1,3,6,1,41,2010,4720,5596.666667
25654,2006,2008,6640,1,3,6,1,41,2009,5350,6722.5
25654,2006,2008,8300,1,3,6,1,41,2009,5350,8444.166667
25654,2006,2008,6450,1,3,6,1,41,2009,5350,6550.833333
18629,2006,2008,5690,1,3,6,1,41,2010,4140,5900
18629,2006,2008,6440,1,3,6,1,41,2010,4760,6711.666667
77284,2006,2008,7300,1,3,6,1,41,2008,5450,7300
77284,2006,2008,9810,1,3,6,1,41,2008,7120,9810
80176,2006,2008,5420,1,3,6,1,41,2008,4320,5420
80176,2006,2008,8600,1,3,6,1,41,2008,7680,8600
18629,2006,2008,4590,1,3,6,1,41,2009,3500,4638.333333
18629,2006,2008,5110,1,3,6,1,41,2009,4060,5188.333333
25672,2006,2008,4540,1,3,6,1,41,2009,2850,4553.333333
25672,2006,2008,3980,1,3,6,1,41,2009,2860,3985
25672,2006,2008,5790,1,3,6,1,41,2009,3760,5850.833333
25672,2006,2008,4240,1,3,6,1,41,2009,3050,4265.833333
25672,2006,2008,4400,1,3,6,1,41,2009,3000,4465
77284,2006,2008,6570,1,3,6,1,41,2009,5380,6646.666667
77284,2006,2008,6270,1,3,6,1,41,2009,5240,6372.5
77284,2006,2008,7850,1,3,6,1,41,2009,6470,7970
77284,2006,2008,6440,1,3,6,1,41,2009,4960,6545
77284,2006,2008,6550,1,3,6,1,41,2009,4960,6675
78483,2006,2008,28770,1,3,6,1,41,2010,23210,30523.33333
78483,2006,2008,28040,1,3,6,1,41,2010,22600,29675
78483,2006,2008,27080,1,3,6,1,41,2010,22200,28700
25663,2006,2008,6430,1,4,6,1,41,2010,5420,6638.333333
25663,2006,2008,8170,1,4,6,1,41,2008,7110,8170
25663,2006,2008,6080,1,4,6,1,41,2008,4730,6080
25663,2006,2008,9290,1,4,6,1,41,2008,7780,9290
77308,2006,2008,2540,1,5,6,1,41,2008,2140,2540
25666,2006,2008,4710,1,5,6,1,41,2009,3130,4728.333333
25666,2006,2008,3300,1,5,6,1,41,2009,2250,3342.5
25666,2006,2008,2990,1,5,6,1,41,2009,2230,3010.833333
25673,2006,2008,2790,1,5,6,1,41,2009,2250,2834.166667
25673,2006,2008,2550,1,5,6,1,41,2009,2480,2607.5
25673,2006,2008,1430,1,5,6,1,41,2009,1000,1467.5
25673,2006,2008,1070,1,5,6,1,41,2009,870,1093.333333
25654,2006,2008,7590,1,5,6,1,41,2009,1170,7600
25654,2006,2008,1340,1,5,6,1,41,2009,1170,1361.666667
25654,2006,2008,2250,1,5,6,1,41,2009,2230,2265.833333
25654,2006,2008,4370,1,5,6,1,41,2009,3280,4429.166667
25654,2006,2008,2740,1,5,6,1,41,2009,2900,2814.166667
25654,2006,2008,3990,1,5,6,1,41,2009,3660,4082.5
25654,2006,2008,3260,1,5,6,1,41,2009,2590,3358.333333
25654,2006,2008,3200,1,5,6,1,41,2009,2590,3264.166667
25654,2006,2008,3320,1,5,6,1,41,2009,2590,3409.166667
80181,2006,2008,4160,1,5,6,1,41,2010,4050,4288.333333
80181,2006,2008,4530,1,5,6,1,41,2010,3540,4703.333333
18629,2006,2008,2070,1,5,6,1,41,2010,1810,2108.333333
18629,2006,2008,5640,1,5,6,1,41,2010,5330,5735
18629,2006,2008,5550,1,5,6,1,41,2010,4610,5586.666667
25663,2006,2008,1320,1,5,6,1,41,2008,1150,1320
25663,2006,2008,4010,1,5,6,1,41,2008,3470,4010
25663,2006,2008,4010,1,5,6,1,41,2008,3340,4010
25378,2006,2008,3240,1,5,6,"1,2",41,2011,2870,3605
80102,2006,2008,44610,1,1,6,11,41,2009,41610,45197.5
80102,2006,2008,68880,1,1,6,11,41,2009,66090,69563.5
80102,2006,2008,58940,1,1,6,11,41,2009,57390,59566.5
80102,2006,2008,69110,1,1,6,11,41,2009,66090,69887
80102,2006,2008,52620,1,1,6,11,41,2008,66440,52620
80619,2006,2008,147670,1,1,6,1,41,2010,143380,149472
80619,2006,2008,142490,1,1,6,1,41,2010,138700,144218
80619,2006,2008,135200,1,1,6,1,41,2010,129240,136864
80619,2006,2008,126110,1,1,6,1,41,2010,125000,127975
77037,2006,2008,45990,1,1,6,1,41,2010,44060,47860
77037,2006,2008,50320,1,1,6,1,41,2010,48950,52173.33333
77117,2006,2008,86680,1,1,6,1,41,2009,77060,87314
80102,2006,2008,32050,1,3,6,11,41,2009,24350,32494
80102,2006,2008,41480,1,3,6,11,41,2009,31780,41824
80102,2006,2008,41690,1,3,6,11,41,2009,41160,41941.5
25672,2006,2008,5670,1,3,6,1,41,2009,4480,5682.5
25672,2006,2008,11780,1,3,6,1,41,2009,8890,11955
25672,2006,2008,10170,1,3,6,1,41,2009,8160,10268.33333
77284,2006,2008,6970,1,3,6,1,41,2009,5590,7080.833333
20981,2006,2008,13320,1,4,6,1,41,2008,7910,13320
25663,2006,2008,3120,1,4,6,1,41,2008,2630,3120
25663,2006,2008,3720,1,4,6,1,41,2008,2920,3720
25663,2006,2008,7030,1,4,6,1,41,2008,6990,7030
25663,2006,2008,10920,1,4,6,1,41,2008,10930,10920
25663,2006,2008,20680,1,4,6,1,41,2008,17970,20680
80168,2006,2008,10130,1,4,6,1,41,2008,7900,10130
80168,2006,2008,9890,1,4,6,1,41,2008,8440,9890
80168,2006,2008,10600,1,4,6,1,41,2008,9840,10600
80791,2006,2008,19060,1,4,6,1,41,2008,18020,19060
80791,2006,2008,17940,1,4,6,1,41,2008,17100,17940
80791,2006,2008,15980,1,4,6,1,41,2008,12850,15980
25378,2006,2008,8260,1,4,6,"1,2",41,2006,7690,7695
80181,2006,2008,4240,1,5,6,1,41,2010,4050,4273.333333
80181,2006,2008,7600,1,5,6,1,41,2010,6140,7648.333333
80181,2006,2008,4310,1,5,6,1,41,2010,3540,4368.333333
80181,2006,2008,5260,1,5,6,1,41,2010,4440,5406.666667
25378,2006,2008,3980,1,5,6,"1,2",41,2006,3440,3443.333333
25378,2006,2008,6100,1,5,6,"1,2",41,2006,5450,5450
25378,2006,2008,13540,1,5,6,"1,2",41,2006,5450,12971.66667
25378,2006,2008,8010,1,5,6,"1,2",41,2006,7560,7553.333333
25438,2007,2008,5330,1,4,6,1,41,2008,4420,5330
25438,2007,2008,2700,1,4,6,1,41,2008,2500,2700
25438,2007,2008,1940,1,4,6,1,41,2008,1510,1940
81797,2007,2008,23200,1,3,6,2,41,2009,14700,23324.5
81797,2007,2008,24400,1,3,6,2,41,2009,14700,24535
13624,2008,2008,614,1,6,6,1,41,2010,580,635
16514,2003,2009,53050,1,1,6,11,41,2010,56050,53307.5
16514,2003,2009,82220,1,1,6,11,41,2010,78590,82887
16514,2003,2009,37810,1,1,6,11,41,2010,29250,38235.5
79014,2005,2009,17380,1,3,6,2,41,2009,16020,17380
79014,2005,2009,17300,1,3,6,2,41,2009,16910,17300
79016,2005,2009,35950,1,3,6,2,41,2009,29010,35950
79016,2005,2009,35740,1,3,6,2,41,2009,29010,35740
79016,2005,2009,33260,1,3,6,2,41,2009,29010,33260
77348,2006,2009,7490,1,3,6,1,41,2008,6860,7398.333333
77348,2006,2009,7580,1,3,6,1,41,2008,6570,7440
77348,2006,2009,7430,1,3,6,1,41,2008,6570,7325
20233,2006,2009,12920,1,3,6,1,41,2009,8420,12920
25207,2006,2009,12640,1,3,6,1,41,2009,10760,12640
25207,2006,2009,12010,1,3,6,1,41,2009,11610,12010
25207,2006,2009,12550,1,3,6,1,41,2009,11380,12550
80177,2006,2009,7830,1,4,6,1,41,2009,5930,7830
25683,2006,2009,8270,1,4,6,1,41,2010,7620,8286.666667
25683,2006,2009,10810,1,4,6,1,41,2010,9960,10905
80179,2006,2009,3180,1,4,6,1,41,2009,3040,3180
80179,2006,2009,5320,1,4,6,1,41,2009,6040,5320
80175,2006,2009,2300,1,5,6,1,41,2009,2530,2300
80175,2006,2009,1480,1,5,6,1,41,2009,1060,1480
80175,2006,2009,2180,1,5,6,1,41,2009,1600,2180
80171,2006,2009,590,1,5,6,1,41,2009,840,590
80171,2006,2009,600,1,5,6,1,41,2009,540,600
80179,2006,2009,1200,1,5,6,1,41,2009,1230,1200
80183,2006,2009,2900,1,5,6,1,41,2010,3280,2900
23588,2006,2009,1270,1,6,6,1,41,2010,920,1304.166667
79944,2006,2009,42960,1,1,6,1,41,2010,39930,43894
79944,2006,2009,53180,1,1,6,1,41,2010,41890,54822.5
79944,2006,2009,47450,1,1,6,1,41,2010,5160,47842.5
79489,2006,2009,11690,1,3,6,1,41,2009,9240,11690
79489,2006,2009,9940,1,3,6,1,41,2009,9800,9940
80177,2006,2009,8800,1,3,6,1,41,2009,6620,8800
79449,2006,2009,7550,1,3,6,1,41,2010,6650,7580.833333
79449,2006,2009,6690,1,3,6,1,41,2010,7540,6724.166667
79449,2006,2009,9010,1,3,6,1,41,2010,10460,9016.666667
79449,2006,2009,6910,1,3,6,1,41,2010,3950,6999.166667
79449,2006,2009,10130,1,3,6,1,41,2010,7410,10197.5
79449,2006,2009,2900,1,3,6,1,41,2010,3140,2917.5
79449,2006,2009,8380,1,3,6,1,41,2010,10960,8416.666667
79449,2006,2009,5670,1,3,6,1,41,2010,8680,5715.833333
79449,2006,2009,4100,1,4,6,1,41,2010,3190,4103.333333
79449,2006,2009,5310,1,4,6,1,41,2010,4770,5310
79449,2006,2009,10280,1,4,6,1,41,2010,7870,10302.5
25683,2006,2009,10290,1,4,6,1,41,2010,7970,10385
25683,2006,2009,12370,1,4,6,1,41,2010,13460,12499.16667
80169,2006,2009,25570,1,4,6,1,41,2008,24350,25085.83333
80169,2006,2009,10840,1,4,6,1,41,2008,9530,10602.5
80183,2006,2009,5230,1,4,6,1,41,2010,4440,5270
79449,2006,2009,5930,1,5,6,1,41,2010,5290,5969.166667
80395,2007,2009,19900,1,1,6,1,41,2008,17340,19430
78043,2007,2009,36620,1,1,6,1,41,2010,31410,37127
76536,2007,2009,6740,1,4,6,2,41,2011,6080,7261
23574,2007,2009,7750,1,4,6,1,41,2010,6070,7940
23574,2007,2009,7240,1,4,6,1,41,2010,6640,7401
23574,2007,2009,4430,1,4,6,1,41,2010,4630,4504.5
23574,2007,2009,5140,1,4,6,1,41,2010,4590,5251
80173,2007,2009,3280,1,4,6,1,41,2009,2990,3280
80173,2007,2009,3550,1,4,6,1,41,2009,2990,3550
80173,2007,2009,2900,1,4,6,1,41,2009,2380,2900
80173,2007,2009,4360,1,4,6,1,41,2009,3330,4360
80173,2007,2009,6110,1,4,6,1,41,2009,5220,6110
80173,2007,2009,4520,1,4,6,1,41,2009,5720,4520
80173,2007,2009,4510,1,4,6,1,41,2009,4570,4510
80173,2007,2009,3200,1,4,6,1,41,2009,3730,3200
77562,2007,2009,1700,1,6,6,1,41,2008,1600,1671.5
79029,2007,2009,10353,1,3,6,12,41,2008,11040,10343.65
79029,2007,2009,11520,1,3,6,12,41,2008,11040,11520
79029,2007,2009,11340,1,3,6,12,41,2008,11040,11340
79029,2007,2009,12880,1,3,6,12,41,2008,11040,12880
79029,2007,2009,12770,1,3,6,12,41,2008,11040,12770
79029,2007,2009,11690,1,3,6,12,41,2008,11040,11690
79029,2007,2009,15340,1,3,6,12,41,2008,13700,15340
79029,2007,2009,16650,1,3,6,12,41,2008,13700,16650
79029,2007,2009,6760,1,3,6,12,41,2008,6780,6755
19567,2007,2009,6120,1,3,6,1,41,2009,4390,6120
79029,2007,2009,9410,1,4,6,12,41,2008,5990,9393
79029,2007,2009,16840,1,4,6,12,41,2008,13180,16778
79029,2007,2009,15550,1,4,6,12,41,2008,13180,15492.5
79029,2007,2009,14610,1,4,6,12,41,2008,13180,14555
79029,2007,2009,14110,1,4,6,12,41,2008,13180,14066.5
79029,2007,2009,13400,1,4,6,12,41,2008,13180,13374
79029,2007,2009,12900,1,4,6,12,41,2008,13180,12873
79029,2007,2009,12070,1,4,6,12,41,2008,13180,12044
79029,2007,2009,12050,1,4,6,12,41,2008,13180,12026
79029,2007,2009,7520,1,4,6,12,41,2008,7760,7438
79029,2007,2009,8890,1,4,6,12,41,2008,8190,8877
76990,2007,2009,2360,1,5,6,1,41,2007,2380,2351
22245,2008,2009,24740,1,1,6,11,41,2009,19340,24740
22245,2008,2009,23650,1,1,6,11,41,2009,19170,23650
25575,2008,2009,20760,1,1,6,1,41,2010,17970,21148.33333
25575,2008,2009,21460,1,1,6,1,41,2010,19000,21857.5
83273,2008,2009,62100,1,1,6,1,41,2009,48840,62100
83273,2008,2009,67000,1,1,6,1,41,2009,52430,67000
22245,2008,2009,9910,1,3,6,11,41,2009,1640,9910
81485,2008,2009,16510,1,3,6,1,41,2009,15110,16510
81485,2008,2009,18030,1,3,6,1,41,2009,15150,18030
23800,2008,2009,25720,1,3,6,1,41,2010,22200,26430.83333
84353,2008,2009,6600,1,4,6,1,41,2010,6000,6672
23022,2008,2009,3500,1,4,6,1,41,2010,3600,3519
22245,2008,2009,27770,1,1,6,11,41,2009,19170,27770
22245,2008,2009,30910,1,1,6,11,41,2009,23070,30910
84096,2008,2009,161750,1,1,6,1,41,2010,141060,161933.5
83273,2008,2009,66900,1,1,6,1,41,2009,57610,66900
83273,2008,2009,81100,1,1,6,1,41,2010,63540,82000
83273,2008,2009,99000,1,1,6,1,41,2010,79840,99830
83273,2008,2009,106100,1,1,6,1,41,2010,86170,106830
83273,2008,2009,104200,1,1,6,1,41,2010,84460,104905
83273,2008,2009,102100,1,1,6,1,41,2010,82670,102770
83273,2008,2009,106000,1,1,6,1,41,2010,87560,106455
23799,2008,2009,31560,1,1,6,1,41,2008,33740,31243.33333
23799,2008,2009,38600,1,1,6,1,41,2008,41350,38340
23799,2008,2009,45900,1,1,6,1,41,2008,48410,45719.16667
23800,2008,2009,32110,1,1,6,1,41,2010,28490,32864.16667
22245,2008,2009,15730,1,3,6,11,41,2009,4690,15730
86769,2009,2009,2990,1,3,6,1,41,2009,2990,2990
77568,2009,2009,89700,1,1,6,1,41,2010,86960,91017.5
25528,2009,2009,106420,1,1,6,1,41,2010,90150,107203.3333
25528,2009,2009,92000,1,1,6,1,41,2010,77990,93022.5
25528,2009,2009,90050,1,1,6,1,41,2010,76290,91126.66667
25528,2009,2009,85070,1,1,6,1,41,2010,64800,85234.16667
87349,2009,2009,75600,1,1,6,1,41,2008,70890,75090
21927,2005,2010,9250,1,3,6,11,41,2010,9710,9250
21927,2005,2010,12450,1,1,6,11,41,2010,12860,12450
21927,2005,2010,32310,1,1,6,11,41,2010,29070,32310
21927,2005,2010,18980,1,4,6,11,41,2010,16580,18980
21927,2005,2010,19140,1,4,6,11,41,2010,10900,19140
21927,2005,2010,12320,1,4,6,11,41,2010,10900,12320
22200,2006,2010,64960,1,1,6,1,41,2010,61100,64960
22200,2006,2010,117320,1,1,6,1,41,2010,107250,117320
22200,2006,2010,102450,1,1,6,1,41,2010,95930,102450
22200,2006,2010,127440,1,1,6,1,41,2010,121500,127440
22200,2006,2010,83210,1,1,6,1,41,2010,72690,83210
23835,2007,2010,38310,1,1,6,1,41,2010,27030,38310
23835,2007,2010,42970,1,1,6,1,41,2008,34800,42030
23835,2007,2010,42530,1,1,6,1,41,2008,33820,41578
23835,2007,2010,41500,1,1,6,1,41,2008,32540,40523
23835,2007,2010,39850,1,1,6,1,41,2008,31250,38912
23835,2007,2010,38000,1,1,6,1,41,2008,29780,37106
80613,2007,2010,4110,1,5,6,1,41,2008,2670,4057
83301,2007,2010,81000,1,1,6,1,41,2009,61970,80240
83301,2007,2010,91200,1,1,6,1,41,2010,65300,91200
83301,2007,2010,84070,1,1,6,1,41,2010,63710,84070
83301,2007,2010,78530,1,1,6,1,41,2010,56200,78530
83301,2007,2010,87630,1,1,6,1,41,2010,63540,87630
83301,2007,2010,108110,1,1,6,1,41,2010,79840,108110
83301,2007,2010,110490,1,1,6,1,41,2010,82670,110490
83301,2007,2010,113350,1,1,6,1,41,2010,87560,113350
83301,2007,2010,102690,1,1,6,1,41,2010,90150,102690
21147,2007,2010,14210,1,3,6,1,41,2008,8670,14284
82505,2007,2010,19730,1,3,6,1,41,2009,21020,19521
82505,2007,2010,38850,1,3,6,1,41,2009,33860,38626
82505,2007,2010,38660,1,3,6,1,41,2009,33850,38660
82505,2007,2010,33560,1,3,6,1,41,2009,26910,33560
82505,2007,2010,28290,1,3,6,1,41,2009,27000,28290
82505,2007,2010,18460,1,3,6,1,41,2009,19290,18460
80145,2007,2010,7040,1,4,6,1,41,2008,7200,6991
25203,2008,2010,49110,1,1,6,1,41,2010,47810,49110
25203,2008,2010,48870,1,1,6,1,41,2010,47220,48870
79745,2008,2010,11940,1,3,6,1,41,2009,11690,11805
79745,2008,2010,12140,1,3,6,1,41,2009,11370,11983.75
77318,2008,2010,18370,1,3,6,1,41,2009,14700,18082.5
81243,2008,2010,9360,1,3,6,1,41,2009,7090,9223
81243,2008,2010,7310,1,3,6,1,41,2009,7090,7181.5
82824,2008,2010,19650,1,3,6,1,41,2009,19070,19585.5
83621,2008,2010,10100,1,4,6,1,41,2010,6680,10100
83621,2008,2010,7100,1,4,6,1,41,2010,5320,7100
82298,2008,2010,11490,1,4,6,1,41,2008,8880,11419
82298,2008,2010,11700,1,4,6,1,41,2009,8880,11631.5
82298,2008,2010,12400,1,4,6,1,41,2009,9660,12313
80178,2008,2010,3420,1,4,6,1,41,2009,2820,3375.833333
80178,2008,2010,3040,1,4,6,1,41,2009,2600,2993.333333
25667,2008,2010,2700,1,4,6,1,41,2010,2240,2700
25667,2008,2010,2670,1,4,6,1,41,2010,1940,2670
25667,2008,2010,2970,1,4,6,1,41,2010,2180,2970
82275,2008,2010,4720,1,4,6,1,41,2010,4630,4720
81918,2008,2010,5750,1,5,6,1,41,2008,5680,5531
80182,2008,2010,5600,1,5,6,1,41,2010,5090,5600
80182,2008,2010,8470,1,5,6,1,41,2010,7270,8470
80182,2008,2010,11080,1,5,6,1,41,2010,8870,11080
84778,2008,2010,2530,1,5,6,1,41,2010,2360,2530
80174,2008,2010,2260,1,5,6,1,41,2009,2150,2218.333333
80174,2008,2010,2670,1,5,6,1,41,2009,2260,2625.833333
80174,2008,2010,1960,1,5,6,1,41,2009,1740,1925.833333
80174,2008,2010,3220,1,5,6,1,41,2009,2940,3175.833333
80174,2008,2010,3820,1,5,6,1,41,2009,3480,3782.5
80174,2008,2010,4630,1,5,6,1,41,2009,3950,4580
80174,2008,2010,1940,1,5,6,1,41,2009,2200,1940
80174,2008,2010,2040,1,5,6,1,41,2009,1840,2020.833333
81243,2008,2010,13230,1,5,6,1,41,2009,11640,13120
81243,2008,2010,6310,1,5,6,1,41,2009,5630,6310
82812,2008,2010,1250,1,5,6,1,41,2009,1230,1232.5
75444,2008,2010,1130,1,6,6,1,41,2008,820,1111
84483,2008,2010,139230,1,1,6,1,41,2010,121010,139230
80030,2008,2010,56020,1,1,6,12,41,2009,42360,55001
80030,2008,2010,71750,1,1,6,12,41,2009,55080,70561
82030,2008,2010,18110,1,3,6,1,41,2010,14860,18110
82298,2008,2010,9940,1,3,6,1,41,2009,7760,9728
21755,2008,2010,26160,1,3,6,1,41,2007,16180,25320
21755,2008,2010,16780,1,3,6,1,41,2007,29190,16564
21755,2008,2010,16920,1,3,6,1,41,2007,16560,16566
81405,2008,2010,22810,1,4,6,1,41,2010,21990,22810
81405,2008,2010,17990,1,4,6,1,41,2010,17440,17990
81405,2008,2010,13660,1,4,6,1,41,2010,12870,13660
82030,2008,2010,36410,1,4,6,1,41,2010,35440,36410
18232,2008,2010,6670,1,5,6,1,41,2008,8020,6617
18241,2009,2010,48420,1,1,6,1,41,2009,42100,47524.5
18242,2009,2010,47670,1,1,6,1,41,2009,41170,46785.5
83620,2009,2010,58900,1,1,6,1,41,2009,44930,57406.5
86369,2009,2010,7070,1,3,6,2,41,2008,7240,6963
86369,2009,2010,6910,1,3,6,2,41,2008,4120,6765
23738,2009,2010,13110,1,3,6,1,41,2009,10970,12795
77349,2009,2010,7350,1,3,6,1,41,2007,7100,7102.5
81269,2009,2010,6500,1,3,6,1,41,2008,6460,6470
86816,2009,2010,7300,1,3,6,1,41,2009,7250,7254.166667
86816,2009,2010,3380,1,3,6,1,41,2009,3360,3358.333333
86816,2009,2010,3570,1,3,6,1,41,2009,3550,3546.666667
86816,2009,2010,3570,1,3,6,1,41,2009,3550,3546.666667
86816,2009,2010,2530,1,3,6,1,41,2009,2510,2514.166667
86816,2009,2010,2640,1,3,6,1,41,2009,2620,2623.333333
86369,2009,2010,2680,1,4,6,2,41,2008,1990,2652
86369,2009,2010,1060,1,4,6,2,41,2008,1080,1050
82040,2009,2010,4340,1,4,6,1,41,2010,4980,4340
82040,2009,2010,6340,1,4,6,1,41,2010,7760,6340
82040,2009,2010,5350,1,4,6,1,41,2010,5380,5350
81934,2009,2010,3700,1,4,6,1,41,2009,4570,3660
83359,2009,2010,10370,1,4,6,1,41,2008,9120,10198
83359,2009,2010,4440,1,4,6,1,41,2008,4270,4412
83359,2009,2010,7990,1,4,6,1,41,2008,7020,7990
83359,2009,2010,8480,1,4,6,1,41,2008,7290,8392
19571,2009,2010,1400,1,5,6,1,41,2009,1000,1367
19601,2009,2010,1530,1,5,6,1,41,2009,1470,1488.5
82040,2009,2010,2350,1,5,6,1,41,2010,2180,2350
18241,2009,2010,3220,1,5,6,1,41,2009,2940,3176
18242,2009,2010,1840,1,5,6,1,41,2009,1700,1816.5
13364,2009,2010,4910,1,5,6,1,41,2010,4610,4910
16592,2009,2010,2790,1,5,6,1,41,2010,2040,2790
79357,2009,2010,143890,1,1,6,11,41,2010,139740,143890
79357,2009,2010,68700,1,1,6,11,41,2010,63940,68700
79357,2009,2010,71960,1,1,6,11,41,2010,67560,71960
79357,2009,2010,81510,1,1,6,11,41,2010,77080,81510
79357,2009,2010,75190,1,1,6,11,41,2010,72720,75190
86653,2009,2010,35180,1,1,6,2,41,2008,35860,34720
86653,2009,2010,39000,1,1,6,2,41,2008,48730,38573.33333
83965,2009,2010,64850,1,1,6,1,41,2009,59640,64360.83333
83901,2009,2010,68760,1,1,6,1,41,2010,62680,68760
86215,2009,2010,148840,1,1,6,1,41,2010,119000,148840
79853,2009,2010,8410,1,1,6,1,41,2008,8650,8078.333333
79853,2009,2010,60810,1,1,6,1,41,2008,59970,60265
79853,2009,2010,52520,1,1,6,1,41,2008,52020,52035
79853,2009,2010,54000,1,1,6,1,41,2008,53590,53623.33333
79853,2009,2010,61440,1,1,6,1,41,2008,61100,61111.66667
77873,2009,2010,41100,1,1,6,1,41,2008,37210,39716
77873,2009,2010,33730,1,1,6,1,41,2008,28800,32194
78248,2009,2010,9440,1,1,6,1,41,2010,8960,9440
78248,2009,2010,18020,1,1,6,1,41,2010,4770,18020
78248,2009,2010,14090,1,1,6,1,41,2010,10880,14090
83620,2009,2010,71330,1,1,6,1,41,2010,58810,71330
79853,2009,2010,52400,1,1,6,1,41,2008,56000,52186.66667
79357,2009,2010,19800,1,3,6,11,41,2010,18140,19800
79357,2009,2010,28050,1,3,6,11,41,2010,24370,28050
79357,2009,2010,22530,1,3,6,11,41,2010,16430,22530
79357,2009,2010,21680,1,3,6,11,41,2010,16430,21680
86653,2009,2010,16440,1,3,6,2,41,2008,31890,16383.33333
18221,2009,2010,10100,1,3,6,1,41,2009,7760,9880
78248,2009,2010,9640,1,3,6,1,41,2010,6830,9640
81504,2009,2010,12760,1,3,6,1,41,2007,12480,12344.5
81504,2009,2010,9280,1,3,6,1,41,2007,9050,8942.5
85347,2010,2010,107450,1,1,6,1,41,2010,96110,107450
82606,2007,2011,21530,1,3,6,2,41,2009,17290,21099
82606,2007,2011,20850,1,3,6,2,41,2009,17290,20427
80057,2007,2011,830,1,5,6,1,41,2009,830,802
24947,2007,2011,11730,1,3,6,1,41,2010,8370,11515.5
24947,2007,2011,7370,1,3,6,1,41,2010,6030,7275.5
24947,2007,2011,17660,1,4,6,1,41,2010,12670,17212.5
24947,2007,2011,17160,1,4,6,1,41,2010,8460,16761.5
24947,2007,2011,10390,1,4,6,1,41,2010,7920,10053.5
86712,2009,2011,1250,1,5,6,1,41,2010,1310,1224
84749,2009,2011,540,1,6,6,1,41,2008,370,522
80172,2010,2011,2480,1,5,6,1,41,2009,1650,2371.666667
80172,2010,2011,4550,1,5,6,1,41,2009,2830,4380
83414,2010,2011,1000,1,5,6,1,41,2010,660,987.5
83414,2010,2011,2720,1,5,6,1,41,2010,2240,2680
83414,2010,2011,1800,1,5,6,1,41,2010,1080,1763.333333
83415,2010,2011,1550,1,5,6,1,41,2010,1370,1524.166667
83415,2010,2011,970,1,5,6,1,41,2010,850,954.1666667
83415,2010,2011,1290,1,5,6,1,41,2010,990,1260.833333
84280,2010,2011,5360,1,5,6,1,41,2011,3970,5360
80170,2010,2011,1270,1,5,6,1,41,2009,720,1248.333333
80170,2010,2011,930,1,5,6,1,41,2009,830,893.3333333
80170,2010,2011,1160,1,5,6,1,41,2009,1080,1113.333333
80170,2010,2011,680,1,5,6,1,41,2009,560,670
83410,2010,2011,660,1,6,6,1,41,2010,500,654.1666667
83410,2010,2011,800,1,6,6,1,41,2010,730,792.5
83410,2010,2011,930,1,6,6,1,41,2010,850,921.6666667
80172,2010,2011,6820,1,4,6,1,41,2009,5110,6560
80172,2010,2011,4950,1,4,6,1,41,2009,4100,4906.666667
80172,2010,2011,3940,1,4,6,1,41,2009,2380,3828.333333
80172,2010,2011,2820,1,5,6,1,41,2009,2330,2788.333333
80172,2010,2011,3030,1,5,6,1,41,2009,2020,2971.666667
80197,2007,2012,3130,1,4,6,1,41,2012,3220,3130
80198,2007,2012,2080,1,5,6,1,41,2012,1150,2080
83079,2008,2012,24400,1,3,6,2,41,2009,22200,22871.5
83079,2008,2012,22920,1,3,6,2,41,2009,28180,21957
75529,2009,2012,56940,1,1,6,1,41,2010,47190,54336
77592,2009,2012,10470,1,4,6,1,41,2011,8160,10330.5
77592,2009,2012,11210,1,4,6,1,41,2011,9230,11066.5
81328,2009,2012,3050,1,5,6,1,41,2010,3150,2989
77592,2009,2012,3460,1,5,6,1,41,2011,3460,3432
77592,2009,2012,3190,1,5,6,1,41,2011,3010,3168.5
87441,2009,2012,2270,1,5,6,1,41,2011,2230,2237
79535,2009,2012,51080,1,1,6,1,41,2009,37760,48261.5
83489,2009,2012,72520,1,1,6,1,41,2012,73371,72520
84280,2009,2012,12050,1,3,6,1,41,2010,8680,11789
87437,2009,2012,4570,1,4,6,1,41,2010,4970,4478
89171,2010,2012,17510,1,1,6,1,41,2011,16360,17163
80130,2010,2012,35380,1,1,6,1,41,2012,28863,35380
82771,2010,2012,3090,1,3,6,1,41,2012,3090,3090
82771,2010,2012,3080,1,3,6,1,41,2012,3200,3080
82771,2010,2012,3620,1,3,6,1,41,2012,3600,3620
82771,2010,2012,3570,1,3,6,1,41,2012,3250,3570
88754,2010,2012,23660,1,3,6,1,41,2010,23210,23216
81539,2010,2012,6200,1,3,6,7,41,2011,7740,6126
81539,2010,2012,7800,1,3,6,7,41,2011,6720,7710
81539,2010,2012,7490,1,3,6,7,41,2011,7680,7399
19654,2010,2012,6340,1,4,6,1,41,2012,6010,6340
16669,2010,2012,85140,1,1,6,1,41,2010,71800,81416
16669,2010,2012,75420,1,1,6,1,41,2010,61590,71873
85220,2010,2012,63820,1,1,6,1,41,2010,60970,62282
82961,2010,2012,47320,1,1,6,1,41,2009,31290,44542.5
82961,2010,2012,59240,1,1,6,1,41,2009,41410,56330
83388,2010,2012,69310,1,1,6,1,41,2009,56270,67126
82507,2010,2012,24010,1,3,6,1,41,2009,23740,23129.5
82507,2010,2012,22790,1,3,6,1,41,2009,22050,22044.5
89505,2010,2012,15230,1,4,6,1,41,2012,22970,15230
83418,2011,2012,3590,1,5,6,1,41,2012,3930,3590
83418,2011,2012,3030,1,5,6,1,41,2012,3360,3030
83418,2011,2012,2840,1,5,6,1,41,2010,2840,2840
85276,2011,2012,58650,1,1,6,1,41,2012,58830,58650
91588,2011,2012,49580,1,1,6,1,41,2012,46120,49580
85240,2011,2012,81570,1,1,6,1,41,2010,80570,80567
23736,2011,2012,18250,1,1,6,1,41,2010,16480,17931.66667
23736,2011,2012,17530,1,1,6,1,41,2010,15600,17161.66667
23736,2011,2012,17930,1,1,6,1,41,2010,16200,17618.33333
23736,2011,2012,17110,1,1,6,1,41,2010,16780,16836.66667
85240,2011,2012,59490,1,1,6,1,41,2010,58810,58806
85240,2011,2012,46750,1,1,6,1,41,2012,40354,46750
90726,2011,2012,43340,1,1,6,1,41,2010,42510,42509
79455,2011,2012,6250,1,3,6,1,41,2011,6190,6190.833333
79455,2011,2012,9650,1,3,6,1,41,2011,9620,9619.166667
79455,2011,2012,11890,1,3,6,1,41,2011,11820,11816.66667
79455,2011,2012,11480,1,3,6,1,41,2011,11400,11399.16667
79455,2011,2012,5470,1,3,6,1,41,2011,5450,5449.166667
79455,2011,2012,5130,1,3,6,1,41,2011,5100,5100
88655,2011,2012,4800,1,3,6,1,41,2012,5510,4800
88655,2011,2012,10700,1,3,6,1,41,2012,11100,10700
88655,2011,2012,12850,1,3,6,1,41,2012,13240,12850
90726,2011,2012,25800,1,3,6,1,41,2010,31290,25558
83481,2012,2012,15780,1,3,6,1,41,2010,13140,15423
83481,2012,2012,10120,1,3,6,1,41,2010,9800,9897
16144,2007,2013,14510,1,3,6,2,41,2009,11810,14305.78947
16144,2007,2013,23750,1,3,6,2,41,2009,18100,23528.94737
16144,2007,2013,17600,1,3,6,2,41,2009,18100,17218.94737
16144,2007,2013,13100,1,3,6,2,41,2009,18100,12889.47368
16144,2007,2013,15490,1,3,6,2,41,2009,11670,14900.52632
83540,2008,2013,2680,1,5,6,1,41,2012,2010,2647
83571,2008,2013,34030,1,3,6,2,41,2013,24700,34030
83571,2008,2013,32950,1,3,6,2,41,2013,24700,32950
83571,2008,2013,33470,1,3,6,2,41,2013,24700,33470
83571,2008,2013,33050,1,3,6,2,41,2013,24700,33050
83571,2008,2013,31040,1,3,6,2,41,2013,24700,31040
83571,2008,2013,33420,1,3,6,2,41,2013,24700,33420
83571,2008,2013,32350,1,3,6,2,41,2013,24700,32350
83571,2008,2013,23190,1,3,6,2,41,2013,22480,23190
83571,2008,2013,33090,1,3,6,2,41,2013,30470,33090
83571,2008,2013,23990,1,3,6,2,41,2013,24200,23990
84506,2009,2013,117450,1,1,6,11,41,2013,78450,117450
84506,2009,2013,136940,1,1,6,11,41,2013,105700,136940
84506,2009,2013,136280,1,1,6,11,41,2013,107760,136280
84506,2009,2013,123760,1,1,6,11,41,2013,101770,123760
84506,2009,2013,99000,1,1,6,11,41,2013,93050,99000
84506,2009,2013,124430,1,1,6,11,41,2013,116450,124430
75518,2010,2013,10320,1,3,6,1,41,2008,8970,9082.5
86944,2010,2013,2190,1,5,6,1,41,2013,1846,2190
20383,2010,2013,4010,1,5,6,1,41,2009,3590,3978
83964,2010,2013,89390,1,1,6,1,41,2009,72930,84068
87920,2011,2013,49170,1,1,6,1,41,2013,49460,49170
22598,2011,2013,13070,1,3,6,1,41,2013,13440,13070
89506,2011,2013,6880,1,3,6,1,41,2009,6880,6880
85052,2011,2013,5510,1,3,6,1,41,2013,6530,5510
85052,2011,2013,6020,1,3,6,1,41,2013,5300,6020
85052,2011,2013,6950,1,3,6,1,41,2013,7168,6950
85052,2011,2013,5630,1,3,6,1,41,2013,7168,5630
82773,2011,2013,13340,1,4,6,1,41,2011,12390,13088.33333
82773,2011,2013,9830,1,4,6,1,41,2011,8380,9698.333333
82773,2011,2013,11870,1,4,6,1,41,2011,11060,11666.66667
90351,2011,2013,9690,1,4,6,1,41,2009,9660,9656
90359,2011,2013,1190,1,5,6,1,41,2009,960,1138
90357,2011,2013,3560,1,5,6,1,41,2013,4060,3560
76411,2011,2013,38910,1,1,6,1,41,2011,34830,38232
88591,2011,2013,120850,1,1,6,1,41,2013,107760,120850
76174,2011,2013,95520,1,1,6,1,41,2013,69330,95520
76174,2011,2013,75170,1,1,6,1,41,2013,61900,75170
87130,2011,2013,36190,1,1,6,1,41,2013,34930,36190
87920,2011,2013,36190,1,1,6,1,41,2013,34930,36190
87920,2011,2013,57540,1,1,6,1,41,2013,56060,57540
87920,2011,2013,36150,1,1,6,1,41,2013,36360,36150
87920,2011,2013,62370,1,1,6,1,41,2013,61550,62370
90434,2011,2013,6750,1,1,6,1,41,2009,6700,6703.333333
90434,2011,2013,20710,1,1,6,1,41,2013,5690,20710
90434,2011,2013,19190,1,1,6,1,41,2013,22250,19190
82773,2011,2013,8800,1,3,6,1,41,2011,7810,8660
89506,2011,2013,10790,1,3,6,1,41,2009,10790,10790
89506,2011,2013,10030,1,3,6,1,41,2009,10030,10030
90434,2011,2013,10760,1,3,6,1,41,2013,12100,10760
81940,2011,2013,8680,1,4,6,1,41,2013,9165,8680
84527,2011,2013,13330,1,4,6,1,41,2013,12802,13330
89506,2011,2013,2130,1,5,6,1,41,2009,2130,2130
89506,2011,2013,2650,1,5,6,1,41,2009,2650,2650
78245,2012,2013,17600,1,1,6,1,41,2013,16583,17600
90423,2012,2013,11000,1,3,6,12,41,2013,9740,11000
88759,2012,2013,1800,1,5,6,12,41,2013,920,1800
76174,2012,2013,84140,1,1,6,1,41,2013,75300,84140
76174,2012,2013,92520,1,1,6,1,41,2013,69330,92520
76174,2012,2013,92520,1,1,6,1,41,2013,69330,92520
76174,2012,2013,75170,1,1,6,1,41,2013,61900,75170
76174,2012,2013,75170,1,1,6,1,41,2013,61900,75170
76174,2012,2013,105090,1,1,6,1,41,2013,87970,105090
76174,2012,2013,103960,1,1,6,1,41,2013,89300,103960
76174,2012,2013,103960,1,1,6,1,41,2013,89300,103960
76174,2012,2013,106470,1,1,6,1,41,2013,93900,106470
88000,2012,2013,10780,1,1,6,1,41,2013,129013,10780
92576,2012,2013,101050,1,1,6,1,41,2013,75300,101050
92730,2012,2013,76740,1,1,6,1,41,2010,76290,76291.5
92730,2012,2013,69880,1,1,6,1,41,2010,64800,69280
83883,2012,2013,154000,1,1,6,12,41,2013,157070,154000
95132,2012,2013,172000,1,1,6,12,41,2013,65850,172000
95132,2012,2013,75000,1,1,6,12,41,2013,74360,75000
83883,2012,2013,148000,1,1,6,12,41,2013,145111,148000
83883,2012,2013,130000,1,1,6,12,41,2013,139399,130000
83883,2012,2013,135000,1,1,6,12,41,2013,137397,135000
91527,2012,2013,11000,1,3,6,12,41,2013,10641,11000
83883,2012,2013,19000,1,4,6,12,41,2013,4833,19000
84750,2013,2013,5600,1,3,6,12,41,2013,5680,5600
88768,2013,2013,2300,1,5,6,12,41,2013,2370,2300
80122,2013,2013,1700,1,5,6,12,41,2013,1900,1700
79400,2013,2013,13000,1,3,6,12,41,2013,11350,13000
84750,2013,2013,9600,1,3,6,12,41,2013,10440,9600
85894,2009,2014,3820,1,5,6,1,41,2008,3260,3709
85894,2009,2014,3590,1,5,6,1,41,2008,3260,3503
89193,2010,2014,5940,1,5,6,1,41,2008,5810,5808
85296,2010,2014,11590,1,3,6,2,41,2013,13100,11453
85296,2010,2014,12260,1,3,6,2,41,2013,13100,12122
85296,2010,2014,11480,1,3,6,2,41,2013,13100,11339
87762,2010,2014,19120,1,4,6,1,41,2006,15360,16548
88815,2011,2014,2160,1,5,6,1,41,2014,2120,2160
83443,2011,2014,3100,1,5,6,1,41,2010,3140,3036
91451,2012,2014,2800,1,3,6,12,41,2015,2439,2808.333333
87093,2012,2014,9040,1,5,6,1,41,2007,8610,8608.333333
87093,2012,2014,6490,1,5,6,1,41,2007,6140,6134.166667
87093,2012,2014,9040,1,5,6,1,41,2015,7631,9101.666667
87093,2012,2014,6490,1,5,6,1,41,2015,4891,6540.833333
94893,2012,2014,640,1,5,6,12,41,2015,488,656.6666667
82838,2012,2014,550,1,5,6,12,41,2015,446,550
16987,2012,2014,1900,1,5,6,12,41,2015,2100,1900
83709,2012,2014,5200,1,5,6,12,41,2013,2510,5200
83709,2012,2014,2400,1,5,6,12,41,2013,2510,2400
82826,2012,2014,250,1,5,6,12,41,2013,250,249.1666667
92917,2012,2014,13000,1,5,6,12,41,2014,12400,13000
92406,2012,2014,1700,1,5,6,12,41,2014,530,1700
83827,2012,2014,930,1,5,6,12,41,2014,1190,930
92576,2012,2014,74020,1,1,6,1,41,2010,55080,68628
81147,2012,2014,82440,1,1,6,1,41,2013,72942,81401.66667
81147,2012,2014,99150,1,1,6,1,41,2013,63540,98390.83333
81147,2012,2014,106500,1,1,6,1,41,2013,81911,105736.6667
81147,2012,2014,101730,1,1,6,1,41,2013,84456,101239.1667
81147,2012,2014,99710,1,1,6,1,41,2013,84456,99213.33333
81147,2012,2014,111650,1,1,6,1,41,2013,87970,110701.6667
81147,2012,2014,104770,1,1,6,1,41,2013,87970,103700
79357,2012,2014,47000,1,3,6,12,41,2013,17077,46583.33333
90540,2013,2014,2600,1,3,6,12,41,2014,2730,2600
97207,2013,2014,6700,1,3,6,12,41,2014,5850,6700
95064,2013,2014,33000,1,3,6,12,41,2015,34651,33250
95064,2013,2014,34000,1,3,6,12,41,2015,31041,34400
77248,2004,2015,118450,1,1,6,11,41,2009,92640,111634
76359,2008,2015,52300,1,1,6,1,41,2008,44250,49626
25734,2009,2015,58180,1,1,6,1,41,2008,52020,56349.5
88771,2010,2015,46510,1,1,6,1,41,2009,42120,42115
19578,1999,2003,21450,1,1,6,12,41,2010,19760,24509
19578,1999,2003,20770,1,1,6,12,41,2010,18370,23783.5
19578,1999,2003,9350,1,4,6,12,41,2010,5940,10340.5
19578,1999,2003,10320,1,4,6,12,41,2010,9420,11387.5
19578,1999,2003,11850,1,4,6,12,41,2010,9420,12882.5
19578,1999,2003,3290,1,5,6,12,41,2010,2430,4154.5
X,2002,2004,2200,1,5,6,1,41,2009,2140,2487.5
X,2002,2004,1970,1,5,6,1,41,2009,1810,2145
X,2002,2004,1730,1,5,6,1,41,2009,1580,1975.833333
X,2002,2004,1570,1,5,6,1,41,2009,1680,1832.5
22179,2002,2004,51910,1,1,6,12,41,2008,48270,54654
22179,2002,2004,46740,1,1,6,12,41,2008,48270,49212
22179,2002,2004,46740,1,1,6,12,41,2008,46670,49212
75186,2003,2004,52960,1,1,6,11,41,2010,47190,58555
X,2003,2004,3320,1,5,6,1,41,2011,2800,3614
,2003,2004,88310,1,1,6,11,41,2010,93650,93233
,2003,2004,99150,1,1,6,11,41,2010,104340,103200
,2003,2004,111280,1,1,6,11,41,2010,110160,115078
,2003,2004,114080,1,1,6,11,41,2010,114050,117098
23029,2003,2004,21200,1,3,6,2,41,2007,19610,21558.5
23029,2003,2004,20770,1,3,6,2,41,2007,16360,21116.5
75078,2003,2004,12490,1,3,6,3,41,2009,10350,13345
24771,2003,2004,16500,1,3,6,3,41,2007,16060,16837.5
24771,2003,2004,20280,1,3,6,3,41,2007,16060,20689.5
75077,2003,2004,12490,1,3,6,1,41,2009,10350,13345
77688,2004,2004,3950,1,5,6,1,41,2009,3310,4275
20424,2004,2004,45820,1,3,6,1,41,2008,40940,48346
20424,2004,2004,44940,1,3,6,1,41,2008,31500,47466
20424,2004,2004,41360,1,3,6,1,41,2008,31500,45090
20424,2004,2004,40620,1,3,6,1,41,2008,31500,44350
20424,2004,2004,43320,1,3,6,1,41,2008,31500,47050
20424,2004,2004,39180,1,3,6,1,41,2008,31500,44284
20424,2004,2004,33680,1,3,6,1,41,2008,31500,38730
75395,2006,2004,13800,1,3,6,1,41,2010,12450,14088
23823,2002,2005,47720,1,1,6,3,41,2008,46570,50628.5
19971,2002,2005,12140,1,3,6,1,41,2009,9920,12630
19468,2002,2005,14610,1,3,6,12,41,2010,12990,15657.5
19580,2002,2005,8100,1,3,6,12,41,2010,6520,8890
19580,2002,2005,13670,1,3,6,12,41,2010,11170,14750
19580,2002,2005,7280,1,3,6,12,41,2010,5740,7652.5
25645,2002,2005,1450,1,5,6,1,41,2009,1680,1506
23104,2003,2005,10370,1,4,6,1,41,2008,12030,10631
,2003,2005,109490,1,1,6,11,41,2010,113670,119835
,2003,2005,37800,1,3,6,11,41,2010,26070,40212.5
22080,2003,2005,19500,1,3,6,1,41,2008,11820,20070
23030,2003,2005,30320,1,4,6,12,41,2008,15110,30522.5
76674,2004,2005,88200,1,1,6,12,41,2010,64800,93525
77326,2004,2005,98130,1,1,6,11,41,2010,101510,103640
77326,2004,2005,91420,1,1,6,11,41,2010,95780,96755
77326,2004,2005,96120,1,1,6,11,41,2010,95500,101335
21509,2004,2005,6680,1,4,6,1,41,2010,6250,7145
79078,2005,2005,128560,1,1,6,12,41,2009,146240,132004.8
79078,2005,2005,137600,1,1,6,12,41,2009,155370,140912
79078,2005,2005,126750,1,1,6,12,41,2009,145600,130135.6
79078,2005,2005,102000,1,1,6,12,41,2009,124780,105400
79078,2005,2005,112900,1,1,6,12,41,2009,133730,116408.8
79078,2005,2005,124800,1,1,6,12,41,2009,141560,128961.6
79078,2005,2005,122080,1,1,6,12,41,2009,138400,126987.2
79078,2005,2005,119540,1,1,6,12,41,2009,129170,126837.6
79078,2005,2005,119540,1,1,6,12,41,2009,113490,122213.6
79078,2005,2005,101600,1,1,6,12,41,2009,99040,104752
79078,2005,2005,55330,1,1,6,12,41,2009,48350,56434
79078,2005,2005,25440,1,1,6,12,41,2009,20100,25624
79078,2005,2005,19910,1,3,6,12,41,2009,19120,20076.4
79078,2005,2005,22260,1,3,6,12,41,2009,21110,22405.6
79078,2005,2005,23140,1,3,6,12,41,2009,21110,23285.6
79078,2005,2005,38340,1,3,6,12,41,2009,21110,36885.6
79078,2005,2005,33800,1,3,6,12,41,2009,29110,33782.4
79078,2005,2005,20570,1,3,6,12,41,2009,29110,20786
79078,2005,2005,16740,1,3,6,12,41,2009,19540,16900
79078,2005,2005,25200,1,3,6,12,41,2009,14390,25510.4
79078,2005,2005,34880,1,3,6,12,41,2009,26050,35192
22889,2002,2006,55500,1,1,6,11,41,2009,47940,58479
22889,2002,2006,52780,1,1,6,11,41,2009,46380,55732
22772,2003,2006,40460,1,1,6,3,41,2010,34550,43638
22772,2003,2006,31570,1,1,6,3,41,2010,28650,34286
22772,2003,2006,19920,1,3,6,3,41,2010,12990,21008
22772,2003,2006,22080,1,3,6,3,41,2010,12990,23284
22772,2003,2006,22300,1,3,6,3,41,2010,12990,23520
22010,2003,2006,12300,1,4,6,3,41,2011,9150,13390
22010,2003,2006,1570,1,5,6,3,41,2011,1250,1675
75883,2003,2006,100630,1,1,6,1,41,2010,79840,103702
23828,2003,2006,105700,1,1,6,11,41,2009,88050,108505
75989,2003,2006,69160,1,1,6,2,41,2009,62920,70177
75883,2003,2006,11370,1,3,6,1,41,2010,9250,11546
,2003,2006,7710,1,3,6,2,41,2010,6000,7998
,2003,2006,13090,1,3,6,2,41,2010,10320,13584
20082,2003,2006,27600,1,3,6,12,41,2009,26670,27705
20082,2003,2006,52500,1,3,6,12,41,2009,36860,52635
,2003,2006,6870,1,4,6,2,41,2010,4610,7132
25697,2004,2006,9590,1,3,6,1,41,2008,7750,9608.333333
80810,2006,2006,38040,1,1,6,12,41,2009,45720,42654
80810,2006,2006,35690,1,1,6,12,41,2009,45720,38198
80810,2006,2006,35910,1,1,6,12,41,2009,45720,37707
80810,2006,2006,55240,1,1,6,12,41,2010,57240,59544
80810,2006,2006,44570,1,1,6,12,41,2010,47200,49616
80810,2006,2006,12290,1,4,6,12,41,2010,10650,12400
80810,2006,2006,14120,1,4,6,12,41,2010,10650,14230
80810,2006,2006,20000,1,4,6,12,41,2010,18080,20886
80810,2006,2006,22140,1,4,6,12,41,2010,18080,23156
80810,2006,2006,20050,1,4,6,12,41,2010,18080,21066
80810,2006,2006,28010,1,4,6,12,41,2010,18080,29164
80810,2006,2006,31820,1,4,6,12,41,2010,37090,32974
20878,2002,2007,28270,1,3,6,12,41,2010,28200,29588.5
20878,2002,2007,34880,1,3,6,12,41,2010,28200,36432.5
20878,2002,2007,34810,1,3,6,12,41,2010,28200,36431.5
20878,2002,2007,38470,1,3,6,12,41,2010,28200,39071.5
20878,2002,2007,37700,1,3,6,12,41,2010,22530,38292.5
20878,2002,2007,30690,1,3,6,12,41,2010,22530,31965
20878,2002,2007,24520,1,3,6,12,41,2010,18140,26719
20878,2002,2007,20900,1,4,6,12,41,2010,14260,23256.5
20878,2002,2007,24490,1,4,6,12,41,2010,30230,27968.5
20878,2002,2007,22820,1,4,6,12,41,2010,30230,25230.5
20878,2002,2007,27960,1,4,6,12,41,2010,30230,30208.5
20878,2002,2007,39090,1,4,6,12,41,2010,38370,40572
,2003,2007,38760,1,1,6,11,41,2009,41610,39744
,2003,2007,63940,1,1,6,11,41,2009,66090,65306
,2003,2007,54300,1,1,6,11,41,2009,57390,55588
25769,2003,2007,8750,1,3,6,"1,3",41,2009,6040,8930
25769,2003,2007,15300,1,3,6,"1,3",41,2009,11900,15508
25769,2003,2007,13600,1,3,6,"1,3",41,2009,11850,13778
25198,2004,2007,13480,1,3,6,1,41,2009,10510,13978
76158,2004,2007,1560,1,5,6,1,41,2009,1240,1607
25768,2004,2007,24190,1,3,6,2,41,2010,22630,25241.5
25768,2004,2007,29330,1,3,6,2,41,2010,20100,29939
25768,2004,2007,23590,1,3,6,2,41,2010,14220,24284.5
76565,2004,2007,24860,1,3,6,1,41,2010,19410,25338.5
76565,2004,2007,18960,1,3,6,1,41,2010,18220,19228.5
76009,2005,2007,3970,1,5,6,1,41,2009,3310,4088.181818
75253,2005,2007,15320,1,1,6,1,41,2009,22300,15750
24247,2005,2007,27780,1,3,6,3,41,2011,10250,28802
24247,2005,2007,28890,1,3,6,3,41,2011,10250,29912
77198,2005,2007,22860,1,3,6,3,41,2010,16040,23961
77198,2005,2007,18630,1,3,6,3,41,2010,16510,19300.5
77198,2005,2007,26360,1,3,6,3,41,2010,12630,27308
21250,2005,2007,10798,1,4,6,12,41,2010,10900,11099.65
14821,2005,2007,27650,1,4,6,3,41,2010,29920,27983
14821,2005,2007,28830,1,4,6,3,41,2010,38970,29260.5
X,2006,2007,12160,1,3,6,2,41,2009,8580,12322
80491,2006,2007,20620,1,3,6,2,41,2010,18140,20620
80491,2006,2007,17180,1,3,6,2,41,2010,18140,17244.5
77975,2006,2007,10430,1,3,6,1,41,2010,9640,10743.5
77244,2007,2007,50320,1,1,6,2,41,2010,40400,53341
77244,2007,2007,43340,1,1,6,2,41,2010,33950,46214
81137,2007,2007,14500,1,3,6,2,41,2010,13570,14920
81137,2007,2007,9900,1,4,6,2,41,2010,9430,10485
81137,2007,2007,6100,1,4,6,2,41,2010,4580,16735
20879,2003,2008,14970,1,4,6,1,41,2010,14020,15337
20879,2003,2008,6060,1,4,6,1,41,2010,4070,6753
75472,2004,2008,20850,1,3,6,3,41,2007,9360,20608.5
77242,2004,2008,83320,1,1,6,11,41,2010,65300,84121
77242,2004,2008,76990,1,1,6,11,41,2010,63710,77685
77242,2004,2008,69570,1,1,6,11,41,2010,56200,70191
77242,2004,2008,73710,1,1,6,11,41,2010,63540,73890
77242,2004,2008,94980,1,1,6,11,41,2010,79840,95070
77242,2004,2008,99950,1,1,6,11,41,2010,84460,99899
77242,2004,2008,96610,1,1,6,11,41,2010,82670,96620
77242,2004,2008,98990,1,1,6,11,41,2010,87560,98701
77557,2004,2008,15980,1,3,6,2,41,2010,19660,16312
77557,2004,2008,16200,1,3,6,2,41,2010,19660,16484
77242,2004,2008,28190,1,3,6,11,41,2010,23240,28335
77242,2004,2008,24050,1,3,6,11,41,2010,17930,24636
76437,2004,2008,17910,1,3,6,"2,3",41,2010,15250,19302
76437,2004,2008,24650,1,3,6,"2,3",41,2010,20120,25099
78267,2005,2008,12890,1,3,6,2,41,2010,18220,12955
78267,2005,2008,15030,1,3,6,2,41,2010,18220,15095
76254,2005,2008,21650,1,3,6,12,41,2010,11620,22345
18624,2006,2008,1200,1,5,6,1,41,2010,940,1216.666667
18624,2006,2008,1000,1,5,6,1,41,2010,810,1018.333333
23730,2006,2008,94540,1,1,6,1,41,2010,64800,96414
23730,2006,2008,90380,1,1,6,1,41,2010,76020,91414
23730,2006,2008,70700,1,1,6,1,41,2010,59280,71871
23730,2006,2008,66770,1,1,6,1,41,2010,54240,67924
25574,2007,2008,21140,1,1,6,1,41,2010,19000,21961.66667
,2008,2008,15350,1,4,6,2,41,2010,16950,15358
,2008,2008,16570,1,4,6,2,41,2010,16950,16664
25508,2005,2009,40340,1,1,6,12,41,2008,43210,40295.5
25508,2005,2009,53930,1,1,6,12,41,2008,53450,53793.5
25508,2005,2009,39050,1,1,6,12,41,2008,35730,38888
25508,2005,2009,55290,1,1,6,12,41,2008,49550,55117.5
12356,2006,2009,31650,1,1,6,12,41,2008,28800,31001
81796,2006,2009,30700,1,1,6,11,41,2008,33740,30409
81796,2006,2009,38600,1,1,6,11,41,2008,41350,38340
81796,2006,2009,45640,1,1,6,11,41,2008,48410,45442
81796,2006,2009,54560,1,1,6,11,41,2008,56000,54440
81796,2006,2009,24320,1,3,6,11,41,2008,21600,24239
81796,2006,2009,30940,1,3,6,11,41,2008,28150,30852
82485,2007,2009,8470,1,5,6,2,41,2008,7580,8401.5
82625,2007,2009,11220,1,1,6,12,41,2008,8650,11200
82625,2007,2009,66870,1,1,6,12,41,2008,59970,66496.5
82625,2007,2009,58180,1,1,6,12,41,2008,52020,57799
82625,2007,2009,56030,1,1,6,12,41,2008,53590,55644
82625,2007,2009,63040,1,1,6,12,41,2008,61100,62576
25555,2007,2009,89200,1,1,6,1,41,2010,65300,89823
24956,2007,2009,43610,1,1,6,1,41,2008,39420,43146.66667
82625,2007,2009,55650,1,1,6,12,41,2008,56000,55296.5
24956,2007,2009,11030,1,3,6,1,41,2008,7970,10910
X,2008,2009,12610,1,3,6,2,41,2008,12140,12590
X,2008,2009,12100,1,3,6,2,41,2008,12670,12082
X,2008,2009,9510,1,3,6,2,41,2008,9840,9427
X,2008,2009,11940,1,3,6,2,41,2008,12280,11836
16579,2009,2009,2220,1,5,6,1,41,2008,2190,2193.5
25760,2004,2010,38060,1,1,6,12,41,2007,32870,36866
25760,2004,2010,18690,1,1,6,12,41,2007,16980,17947.5
80217,2005,2010,9180,1,4,6,2,41,2008,7070,8910
80217,2005,2010,10180,1,4,6,2,41,2008,7070,9959
13486,2005,2010,68050,1,1,6,3,41,2008,56450,66705
13486,2005,2010,55100,1,1,6,3,41,2008,50960,53930
24957,2006,2010,68090,1,1,6,1,41,2008,75640,66870
24957,2006,2010,63090,1,1,6,1,41,2008,61060,62563.33333
24957,2006,2010,40570,1,1,6,1,41,2008,43520,40325
24957,2006,2010,39790,1,1,6,1,41,2008,43520,39561.66667
25235,2006,2010,24080,1,1,6,1,41,2008,19700,23935
25235,2006,2010,17000,1,1,6,1,41,2008,12470,17000
80096,2006,2010,8260,1,3,6,2,41,2009,7170,8112
80096,2006,2010,10080,1,3,6,2,41,2009,6510,10006
25235,2006,2010,30070,1,3,6,1,41,2008,22460,29873
78277,2006,2010,37820,1,3,6,1,41,2008,30180,37592
78277,2006,2010,36170,1,3,6,1,41,2008,32730,35954
78277,2006,2010,26910,1,3,6,1,41,2008,14620,26467
78277,2006,2010,26820,1,3,6,1,41,2008,17020,26619
25423,2006,2010,29110,1,3,6,1,41,2009,24080,29110
25423,2006,2010,7260,1,3,6,1,41,2009,6560,7257
25423,2006,2010,9980,1,3,6,1,41,2009,8450,9934
80096,2006,2010,11320,1,5,6,2,41,2009,9440,11218
80096,2006,2010,9260,1,5,6,2,41,2009,6400,9164
83245,2007,2010,53040,1,1,6,11,41,2007,51100,49660.5
83245,2007,2010,57700,1,1,6,11,41,2007,55700,54089.5
83245,2007,2010,63900,1,1,6,11,41,2007,59410,60015
83245,2007,2010,69460,1,1,6,11,41,2007,65840,65492.5
75477,2007,2010,40850,1,1,6,1,41,2008,36630,40100
25199,2007,2010,21730,1,1,6,1,41,2009,22910,21329
80963,2007,2010,14980,1,3,6,2,41,2007,15140,14707
80963,2007,2010,12140,1,3,6,2,41,2007,8680,11025.5
82277,2007,2010,8600,1,3,6,1,41,2009,7090,8565.5
82277,2007,2010,9350,1,3,6,1,41,2009,7090,9239.5
82277,2007,2010,9370,1,3,6,1,41,2009,7090,9220.5
80139,2007,2010,1870,1,5,6,1,41,2008,1910,1779
25199,2007,2010,8770,1,5,6,1,41,2009,6870,8686.5
75643,2007,2010,63160,1,1,6,1,41,2009,63950,62835
75477,2007,2010,39410,1,1,6,1,41,2008,34170,38074
80119,2007,2010,46620,1,1,6,1,41,2008,48410,46039
79175,2007,2010,35300,1,1,6,12,41,2007,35520,35007.5
79175,2007,2010,35550,1,1,6,12,41,2007,29750,35032.5
79175,2007,2010,18600,1,1,6,12,41,2007,21990,18435
X,2007,2010,29000,1,3,6,12,41,2006,27640,27800
81899,2007,2010,33010,1,3,6,2,41,2009,29010,32983.5
79601,2007,2010,26420,1,3,6,12,41,2008,24280,26419
79601,2007,2010,27420,1,3,6,12,41,2008,24280,27420
79601,2007,2010,31500,1,3,6,12,41,2008,24130,31318
79601,2007,2010,35080,1,3,6,12,41,2008,21500,34836
79601,2007,2010,35200,1,3,6,12,41,2008,21500,34956
79601,2007,2010,31820,1,3,6,12,41,2008,21500,31226
79601,2007,2010,22460,1,3,6,12,41,2008,10240,21900
79601,2007,2010,22000,1,3,6,12,41,2008,18950,21154
79601,2007,2010,27140,1,3,6,12,41,2008,22690,25996
80993,2007,2010,10400,1,4,6,3,41,2008,6990,10200
79601,2007,2010,9320,1,4,6,12,41,2008,6830,9138
79601,2007,2010,5930,1,4,6,12,41,2008,6830,5832
79601,2007,2010,5780,1,4,6,12,41,2008,6830,5682
79601,2007,2010,7590,1,4,6,12,41,2008,6830,7441
79601,2007,2010,3640,1,4,6,12,41,2008,2310,3567
79601,2007,2010,15810,1,4,6,12,41,2008,11360,15810
79601,2007,2010,20310,1,4,6,12,41,2008,19530,20310
79608,2008,2010,56920,1,1,6,1,41,2008,54070,54430
76825,2008,2010,30070,1,1,6,1,41,2008,28740,28928
76825,2008,2010,35870,1,1,6,1,41,2008,32850,34768
79608,2008,2010,28080,1,3,6,1,41,2008,19590,25682
79608,2008,2010,25760,1,3,6,1,41,2008,24840,23368
79748,2008,2010,12410,1,3,6,1,41,2009,10960,12178.75
79748,2008,2010,12130,1,3,6,1,41,2009,10470,11915
82689,2008,2010,2840,1,4,6,2,41,2008,2530,2708
82689,2008,2010,11730,1,4,6,2,41,2008,10540,11275
82689,2008,2010,8750,1,4,6,2,41,2008,7320,8303
82689,2008,2010,6840,1,4,6,2,41,2008,5440,6448
82689,2008,2010,4740,1,5,6,2,41,2008,3880,4655
79608,2008,2010,133000,1,1,6,1,41,2008,121970,128766
79608,2008,2010,61310,1,1,6,1,41,2008,70420,59278
79608,2008,2010,70200,1,1,6,1,41,2008,70420,67620
84497,2008,2010,172870,1,1,6,1,41,2009,156190,171658.5
84497,2008,2010,163940,1,1,6,1,41,2009,134950,162619
84497,2008,2010,162360,1,1,6,1,41,2009,133590,160997
21177,2008,2010,41970,1,1,6,1,41,2009,23070,41694.5
19585,2008,2010,56700,1,1,6,1,41,2008,52020,56244
77314,2008,2010,12640,1,1,6,1,41,2008,11780,12371.66667
77314,2008,2010,9060,1,1,6,1,41,2008,7860,8843.333333
77314,2008,2010,10020,1,1,6,1,41,2008,9660,10020
79608,2008,2010,46100,1,3,6,1,41,2008,46090,45307
79453,2008,2010,32670,1,3,6,1,41,2008,26430,31778.33333
79453,2008,2010,43490,1,3,6,1,41,2008,36230,42271.66667
79453,2008,2010,33380,1,3,6,1,41,2008,45300,33380
79258,2008,2010,15780,1,4,6,2,41,2008,16090,15738
79258,2008,2010,16110,1,4,6,2,41,2008,16090,16061
79258,2008,2010,16110,1,4,6,2,41,2008,16090,16061
79258,2008,2010,11890,1,4,6,2,41,2008,9970,11868
79258,2008,2010,9940,1,4,6,2,41,2008,9970,9884
79258,2008,2010,8340,1,4,6,2,41,2008,9970,8263
79258,2008,2010,7790,1,4,6,2,41,2008,9970,7706
79258,2008,2010,4070,1,4,6,2,41,2008,3170,3973
77856,2008,2010,7620,1,4,6,2,41,2008,10080,7593
77856,2008,2010,5840,1,4,6,2,41,2008,8020,5815
77856,2008,2010,6740,1,4,6,2,41,2008,9240,6709
84435,2008,2010,11180,1,4,6,2,41,2009,10220,11143.5
84435,2008,2010,8300,1,4,6,2,41,2009,7750,8260
25659,2008,2010,4190,1,4,6,1,41,2008,3840,4151.666667
25659,2008,2010,6800,1,4,6,1,41,2008,5880,6576.666667
79453,2008,2010,21920,1,4,6,1,41,2008,18020,21590
79453,2008,2010,16780,1,4,6,1,41,2008,12920,16378.33333
79453,2008,2010,20600,1,4,6,1,41,2008,19520,20466.66667
79453,2008,2010,26050,1,4,6,1,41,2008,24350,25081.66667
,2009,2010,45520,1,1,6,11,41,2009,36930,44564
81587,2009,2010,4840,1,3,6,1,41,2008,4270,4731
85331,2009,2010,840,1,6,6,2,41,2009,960,832
78295,2009,2010,95940,1,1,6,11,41,2009,83260,95267
78295,2009,2010,102760,1,1,6,11,41,2009,91640,102167
78295,2009,2010,103920,1,1,6,11,41,2009,92640,103354
,2009,2010,48410,1,1,6,11,41,2009,37760,47480.5
,2009,2010,59310,1,1,6,11,41,2009,36950,58404.5
78295,2009,2010,28560,1,3,6,11,41,2009,33860,28509
78295,2009,2010,31960,1,3,6,11,41,2009,33860,31909
78295,2009,2010,43990,1,3,6,11,41,2009,33860,43876.5
78295,2009,2010,42830,1,3,6,11,41,2009,33850,42752.5
78295,2009,2010,34970,1,3,6,11,41,2009,33850,34893
78295,2009,2010,24540,1,3,6,11,41,2009,26910,24523
78295,2009,2010,30470,1,3,6,11,41,2009,37560,30314.5
78295,2009,2010,21040,1,3,6,11,41,2009,23740,20965.5
81300,2009,2010,9390,1,3,6,1,41,2008,5110,9269
81300,2009,2010,15600,1,3,6,1,41,2008,12260,15410
81300,2009,2010,11290,1,3,6,1,41,2008,6240,10946
81300,2009,2010,14100,1,3,6,1,41,2008,9280,13702
83560,2009,2010,18410,1,4,6,11,41,2009,31200,18314
83560,2009,2010,28230,1,4,6,11,41,2009,31200,27975.5
83560,2009,2010,29990,1,4,6,11,41,2009,31200,29709.5
83560,2009,2010,27920,1,4,6,11,41,2009,11950,27710.5
83560,2009,2010,27080,1,4,6,11,41,2009,11950,26844
83560,2009,2010,20330,1,4,6,11,41,2009,11950,20132.5
81300,2009,2010,7300,1,4,6,1,41,2008,6280,7255
81300,2009,2010,12690,1,4,6,1,41,2008,11080,12551
81300,2009,2010,4150,1,4,6,1,41,2008,3490,4038
81300,2009,2010,3730,1,4,6,1,41,2008,2520,3584
83445,2010,2010,2860,1,3,6,1,41,2009,2860,2860
80196,2010,2010,9860,1,4,6,1,41,2008,9580,9709
84604,2010,2010,2290,1,5,6,1,41,2009,2180,2290
87025,2010,2010,17600,1,1,6,1,41,2007,16430,17000
87025,2010,2010,12700,1,1,6,1,41,2007,11820,12000
87025,2010,2010,11100,1,1,6,1,41,2007,10910,10500
83446,2010,2010,19680,1,3,6,1,41,2008,19610,19609
85121,2010,2010,15140,1,4,6,2,41,2009,12590,15055.5
85121,2010,2010,17110,1,4,6,2,41,2009,12590,17018
85121,2010,2010,19200,1,4,6,2,41,2009,22800,19123.5
85121,2010,2010,22550,1,4,6,2,41,2009,22800,22466
85121,2010,2010,15230,1,4,6,2,41,2009,14060,15165
86254,2010,2010,12750,1,4,6,1,41,2008,12280,12280
78300,2006,2011,12180,1,3,6,2,41,2008,10840,11361
78300,2006,2011,13700,1,3,6,2,41,2008,14620,13130
78300,2006,2011,3200,1,5,6,2,41,2008,2760,2957
80142,2007,2011,2430,1,5,6,1,41,2010,1170,2387.5
80114,2007,2011,1630,1,5,6,1,41,2009,1180,1583
75736,2007,2011,30910,1,1,6,"1,3",41,2009,36860,31143
75736,2007,2011,28100,1,1,6,"1,3",41,2009,34540,28359
75736,2007,2011,23230,1,1,6,"1,3",41,2009,28520,23434
80059,2007,2011,15460,1,3,6,1,41,2009,14390,15294
80141,2007,2011,3810,1,5,6,1,41,2010,4040,3735
82131,2008,2011,5200,1,3,6,1,41,2010,4760,5118.5
82131,2008,2011,5320,1,3,6,1,41,2010,4760,5210.5
82131,2008,2011,3990,1,3,6,1,41,2009,2860,3980
82131,2008,2011,5200,1,3,6,1,41,2010,4760,5118.5
82131,2008,2011,5320,1,3,6,1,41,2010,4760,5210.5
78898,2008,2011,1890,1,4,6,1,41,2008,1150,1876.5
80209,2008,2011,1890,1,4,6,1,41,2008,1150,1876.5
82131,2008,2011,3260,1,5,6,1,41,2009,2940,3171
82131,2008,2011,3260,1,5,6,1,41,2009,2940,3171
82131,2008,2011,3860,1,5,6,1,41,2009,3480,3786
82131,2008,2011,3260,1,5,6,1,41,2009,2940,3171
82131,2008,2011,3260,1,5,6,1,41,2009,2940,3171
82131,2008,2011,3860,1,5,6,1,41,2009,3480,3786
84425,2008,2011,120910,1,1,6,11,41,2009,109850,119501
84425,2008,2011,134110,1,1,6,11,41,2009,119570,132538
84425,2008,2011,118840,1,1,6,11,41,2009,107580,117161
84425,2008,2011,122510,1,1,6,11,41,2009,111320,121433
84425,2008,2011,153130,1,1,6,11,41,2009,133610,149275
84425,2008,2011,150400,1,1,6,11,41,2009,136770,146654
77419,2008,2011,121100,1,1,6,1,41,2010,81910,120395
80005,2008,2011,105170,1,1,6,1,41,2009,85880,104220
75863,2008,2011,72760,1,1,6,3,41,2009,68170,72603
75863,2008,2011,74340,1,1,6,3,41,2009,68020,74081
75863,2008,2011,70770,1,1,6,3,41,2009,66120,70436
75863,2008,2011,70230,1,1,6,3,41,2009,67230,69795
75863,2008,2011,62600,1,1,6,3,41,2009,62270,62200
75863,2008,2011,31490,1,3,6,3,41,2009,23030,31427
83138,2008,2011,9170,1,3,6,1,41,2010,7540,9093.5
83138,2008,2011,9560,1,3,6,1,41,2010,10460,9481
83138,2008,2011,10120,1,3,6,1,41,2010,10460,10041
83138,2008,2011,10120,1,3,6,1,41,2010,10460,10039
83138,2008,2011,11630,1,3,6,1,41,2010,10960,11561
83138,2008,2011,11990,1,3,6,1,41,2010,10960,11924.5
83138,2008,2011,9630,1,3,6,1,41,2010,10960,9592
83138,2008,2011,9580,1,3,6,1,41,2010,10960,9531
83138,2008,2011,8430,1,3,6,1,41,2010,8680,8298
83138,2008,2011,8890,1,3,6,1,41,2010,8680,8719.5
82131,2008,2011,3080,1,4,6,1,41,2010,3280,3024
86794,2009,2011,30500,1,3,6,2,41,2007,30460,29128
86794,2009,2011,31170,1,3,6,2,41,2007,32230,29838
79855,2009,2011,2960,1,3,6,1,41,2009,2960,2960
82035,2009,2011,4720,1,4,6,1,41,2009,4540,4698.333333
82035,2009,2011,5320,1,4,6,1,41,2009,5120,5295
X,2009,2011,4060,1,4,6,12,41,2008,4000,3995.5
85200,2009,2011,3460,1,5,6,2,41,2009,4150,3358
85200,2009,2011,7090,1,5,6,2,41,2009,7880,6985
85200,2009,2011,3750,1,5,6,2,41,2009,3250,3745
86794,2009,2011,4250,1,5,6,2,41,2007,3380,4144
20874,2009,2011,300,1,5,6,1,41,2009,550,299
83652,2009,2011,2200,1,5,6,1,41,2010,2050,2175
81162,2009,2011,4700,1,5,6,1,41,2010,3510,4665
75443,2009,2011,1960,1,5,6,1,41,2008,1800,1876
82249,2009,2011,85290,1,1,6,2,41,2009,88530,84333
82249,2009,2011,88730,1,1,6,2,41,2009,86850,87677
85114,2009,2011,52640,1,1,6,2,41,2009,42120,51040.66667
85114,2009,2011,59830,1,1,6,2,41,2009,48540,58152
83449,2009,2011,53100,1,1,6,1,41,2008,52020,52024.5
22853,2009,2011,42360,1,1,6,1,41,2008,41280,41482.5
22853,2009,2011,31470,1,1,6,1,41,2008,30040,30807
22853,2009,2011,20000,1,1,6,1,41,2008,19370,19487
75732,2009,2011,14130,1,1,6,1,41,2008,13720,13272.5
85201,2009,2011,12340,1,3,6,2,41,2009,18100,12194
85201,2009,2011,12050,1,3,6,2,41,2009,11670,11898
84555,2009,2011,19400,1,3,6,2,41,2007,22240,19400
82506,2009,2011,21320,1,3,6,1,41,2009,19410,20728
82506,2009,2011,33080,1,3,6,1,41,2009,32790,32668
82506,2009,2011,33740,1,3,6,1,41,2009,37560,33215
25618,2009,2011,13540,1,3,6,1,41,2010,13910,13497.5
86367,2009,2011,5170,1,3,6,1,41,2007,5060,5054
86367,2009,2011,6530,1,3,6,1,41,2007,6530,6530
86367,2009,2011,8560,1,3,6,1,41,2007,8560,8560
86367,2009,2011,11950,1,3,6,1,41,2007,11950,11950
86367,2009,2011,16060,1,3,6,1,41,2010,20500,16060
80605,2009,2011,10200,1,4,6,1,41,2008,8880,9975
83655,2010,2011,3570,1,3,6,1,41,2008,3550,3549
83417,2010,2011,20220,1,3,6,1,41,2010,17730,19785.83333
83653,2010,2011,12170,1,3,6,1,41,2010,12310,12015.5
79352,2010,2011,17540,1,3,6,1,41,2008,15630,16702.5
79352,2010,2011,17400,1,3,6,1,41,2008,15040,16375
79352,2010,2011,19680,1,3,6,1,41,2008,18700,19047.5
84934,2010,2011,3300,1,3,6,1,41,2008,13460,3200
88346,2010,2011,13040,1,3,6,1,41,2008,12090,12735.5
79352,2010,2011,17400,1,3,6,1,41,2009,15040,16716.66667
77449,2010,2011,19480,1,3,6,1,41,2009,18320,19213.33333
77449,2010,2011,20460,1,3,6,1,41,2009,19070,20105
77449,2010,2011,18720,1,3,6,1,41,2009,16800,18251.66667
77449,2010,2011,19390,1,3,6,1,41,2009,17190,18903.33333
77449,2010,2011,19550,1,3,6,1,41,2009,18640,19125
77449,2010,2011,15270,1,3,6,1,41,2009,12980,14781.66667
88662,2010,2011,6500,1,4,6,1,41,2009,5930,6420
25664,2010,2011,2220,1,5,6,1,41,2010,2130,2191.666667
25664,2010,2011,2720,1,5,6,1,41,2010,2240,2680
75441,2010,2011,3230,1,5,6,1,41,2010,2300,3155
83239,2010,2011,43130,1,1,6,1,41,2009,42360,42365
85206,2010,2011,138940,1,1,6,1,41,2010,123840,136333
88547,2010,2011,86430,1,1,6,1,41,2010,76020,86093.5
83044,2010,2011,119020,1,1,6,1,41,2010,107350,118963
83044,2010,2011,133680,1,1,6,1,41,2010,119970,133616.5
83044,2010,2011,110700,1,1,6,1,41,2010,106740,110678.5
83044,2010,2011,119920,1,1,6,1,41,2010,112420,119420.5
83044,2010,2011,104750,1,1,6,1,41,2010,103590,104341.5
83044,2010,2011,120250,1,1,6,1,41,2010,114580,119776.5
77447,2010,2011,9170,1,1,6,1,41,2008,8650,8655
77447,2010,2011,60800,1,1,6,1,41,2008,59970,59975
76002,2010,2011,20080,1,1,6,1,41,2009,19340,19340
76002,2010,2011,19900,1,1,6,1,41,2009,19170,19166.66667
76002,2010,2011,19910,1,1,6,1,41,2009,19170,19168.33333
75418,2010,2011,14230,1,1,6,1,41,2007,14230,14230
75418,2010,2011,15720,1,1,6,1,41,2007,15720,15720
75418,2010,2011,20550,1,1,6,1,41,2007,20550,20433.33333
75418,2010,2011,23310,1,1,6,1,41,2007,23310,23310
77447,2010,2011,48930,1,1,6,1,41,2008,48410,48412.5
77447,2010,2011,56240,1,1,6,1,41,2008,56000,56000
79352,2010,2011,34060,1,1,6,1,41,2008,30720,32622.5
79352,2010,2011,22210,1,1,6,1,41,2008,21360,21435
79352,2010,2011,20970,1,1,6,1,41,2008,19760,20090
79352,2010,2011,19650,1,1,6,1,41,2008,18210,18687.5
77351,2010,2011,23000,1,1,6,1,41,2009,19770,22083.33333
77351,2010,2011,21600,1,1,6,1,41,2009,20170,20800
77351,2010,2011,19600,1,1,6,1,41,2009,18880,18916.66667
77351,2010,2011,16400,1,1,6,1,41,2009,14700,16066.66667
81937,2010,2011,14220,1,3,6,1,41,2010,14140,14144
88049,2010,2011,8570,1,3,6,2,41,2007,8100,8398
88049,2010,2011,9100,1,3,6,2,41,2007,9070,8924
88049,2010,2011,9950,1,3,6,2,41,2007,9070,9856
88049,2010,2011,7570,1,3,6,2,41,2007,9070,7546
88049,2010,2011,9360,1,3,6,2,41,2007,12270,9324
88049,2010,2011,12760,1,3,6,2,41,2007,12270,12728
88049,2010,2011,13150,1,3,6,2,41,2007,12270,13118
88049,2010,2011,13340,1,3,6,2,41,2007,12270,13320
88049,2010,2011,14220,1,3,6,2,41,2007,12270,14106
85206,2010,2011,44070,1,3,6,1,41,2010,39290,43275
87525,2010,2011,16790,1,3,6,1,41,2010,14950,16730.5
81935,2010,2011,12960,1,3,6,1,41,2008,12260,12256.5
22529,2010,2011,19550,1,3,6,1,41,2009,18200,18891.66667
22529,2010,2011,18890,1,3,6,1,41,2009,17840,18468.33333
22529,2010,2011,21420,1,3,6,1,41,2009,21340,21091.66667
25669,2010,2011,3520,1,4,6,1,41,2008,3440,3437.5
88049,2010,2011,4720,1,4,6,2,41,2007,6980,4720
88049,2010,2011,4810,1,4,6,2,41,2007,5970,4798
91661,2011,2011,10500,1,4,6,2,41,2010,7080,10410
91661,2011,2011,10600,1,4,6,2,41,2010,10520,10525
91661,2011,2011,3200,1,5,6,2,41,2010,3230,3195
91661,2011,2011,2400,1,5,6,2,41,2010,2420,2395
81215,2007,2012,1600,1,5,6,12,41,2010,1690,1507
,2007,2012,84240,1,1,6,11,41,2011,78330,83678.5
,2007,2012,77580,1,1,6,11,41,2011,73510,76959
,2007,2012,21900,1,4,6,11,41,2011,16400,21685
,2007,2012,19400,1,4,6,11,41,2011,9950,19205
82757,2008,2012,11960,1,3,6,11,41,2008,10980,11728
82757,2008,2012,15580,1,3,6,11,41,2008,10770,15190
83456,2009,2012,26550,1,4,6,3,41,2011,30550,26247.5
83456,2009,2012,12870,1,4,6,3,41,2011,9790,12723
83667,2009,2012,8040,1,4,6,2,41,2011,6550,7957
83667,2009,2012,1500,1,5,6,2,41,2011,1160,1484.5
88004,2010,2012,10010,1,4,6,1,41,2011,8380,9934.5
83310,2010,2012,12380,1,4,6,1,41,2011,12380,12380
82774,2010,2012,2380,1,4,6,1,41,2011,1920,2365
82772,2011,2012,5360,1,4,6,1,41,2011,5450,5325
23817,2011,2012,17670,1,1,6,1,41,2011,18030,17325.83333
83310,2011,2012,12380,1,4,6,1,41,2011,12380,12380
84700,2008,2013,70070,1,1,6,11,41,2008,62510,63570
84700,2008,2013,60940,1,1,6,11,41,2008,54640,55290
84700,2008,2013,58750,1,1,6,11,41,2008,52770,53245
84700,2008,2013,53500,1,1,6,11,41,2008,47570,47517.5
84699,2008,2013,58750,1,1,6,11,41,2008,52770,53245
84699,2008,2013,53500,1,1,6,11,41,2008,47570,47517.5
84699,2008,2013,46710,1,1,6,11,41,2008,41090,41002.5
84699,2008,2013,40050,1,1,6,11,41,2008,34470,34395
84700,2008,2013,5540,1,5,6,11,41,2008,7480,5065
84700,2008,2013,5720,1,5,6,11,41,2008,7480,5230
84700,2008,2013,9260,1,5,6,11,41,2008,14020,8637.5
84700,2008,2013,6030,1,5,6,11,41,2008,3440,4617.5
84700,2008,2013,2560,1,5,6,11,41,2008,2300,1600
84699,2008,2013,14830,1,3,6,11,41,2008,18380,14537.5
84699,2008,2013,12900,1,3,6,11,41,2008,13280,12657.5
84699,2008,2013,10260,1,5,6,11,41,2008,8840,10150
84699,2008,2013,12240,1,5,6,11,41,2008,13480,12132.5
76938,2009,2013,41310,1,3,6,2,41,2009,38710,38898
76938,2009,2013,41850,1,3,6,2,41,2009,38710,39282
83907,2009,2013,910,1,6,6,1,41,2008,720,826.6666667
78041,2009,2013,18870,1,4,6,2,41,2008,17860,17190
78041,2009,2013,12330,1,4,6,2,41,2008,8450,10772.5
78041,2009,2013,18210,1,4,6,2,41,2008,16250,17465
78041,2009,2013,20990,1,4,6,2,41,2008,18460,19072.5
83663,2010,2013,61300,1,1,6,1,41,2008,54210,54212.5
83663,2010,2013,64550,1,1,6,1,41,2008,57190,57187.5
83663,2010,2013,56170,1,1,6,1,41,2008,48800,48805
89470,2010,2013,2770,1,3,6,7,41,2009,2700,2686
83426,2011,2013,2620,1,4,6,1,41,2009,2620,2560
83923,2011,2013,1900,1,5,6,1,41,2009,1840,1836
87206,2011,2013,1900,1,5,6,1,41,2009,1840,1836
86718,2011,2013,4080,1,5,6,1,41,2009,3870,3893.333333
86721,2011,2013,1220,1,5,6,1,41,2009,1180,1176.666667
86721,2011,2013,1890,1,5,6,1,41,2009,1820,1820
88682,2011,2013,1070,1,5,6,1,41,2011,1050,1045
84521,2011,2013,1850,1,5,6,1,41,2009,1460,1753.333333
84521,2011,2013,3430,1,5,6,1,41,2009,2850,3240
84521,2011,2013,3590,1,5,6,1,41,2009,2960,3380
84521,2011,2013,3630,1,6,6,1,41,2009,2980,3596.666667
82315,2011,2013,14840,1,3,6,1,41,2009,14390,14726.66667
82315,2011,2013,9410,1,3,6,1,41,2009,8820,9196.666667
82315,2011,2013,13860,1,3,6,1,41,2009,12530,13150
82315,2011,2013,13000,1,3,6,1,41,2009,11580,12580
82315,2011,2013,9530,1,3,6,1,41,2009,9530,9530
82315,2011,2013,6560,1,3,6,1,41,2009,5860,6560
82315,2011,2013,8760,1,3,6,1,41,2009,7790,8730
84521,2011,2013,6560,1,3,6,1,41,2009,5860,6560
86718,2011,2013,4240,1,4,6,1,41,2009,4280,4190
82315,2011,2013,4330,1,4,6,1,41,2009,4330,4330
84521,2011,2013,9130,1,4,6,1,41,2009,7840,8866.666667
82315,2011,2013,4150,1,5,6,1,41,2009,3790,4000
82315,2011,2013,3850,1,5,6,1,41,2009,3590,3850
84521,2011,2013,5310,1,5,6,1,41,2009,4390,5116.666667
84521,2011,2013,4150,1,5,6,1,41,2009,3790,4000
77355,2012,2013,44290,1,1,6,1,41,2008,39910,41306.66667
77355,2012,2013,44590,1,1,6,1,41,2008,41200,41698.33333
83406,2012,2013,1100,1,5,6,1,41,2010,910,1080
83406,2012,2013,1830,1,5,6,1,41,2010,1460,1802.5
77355,2012,2013,51580,1,1,6,1,41,2008,47020,48534.16667
81486,2012,2013,11620,1,1,6,1,41,2008,10640,10636.66667
91544,2012,2013,13840,1,3,6,2,41,2009,13680,13556
91544,2012,2013,13900,1,3,6,2,41,2009,12670,13596
83203,2008,2014,7500,1,4,6,2,41,2009,6720,7270
83548,2008,2014,25400,1,3,6,2,41,2010,22420,24156
83548,2008,2014,30960,1,3,6,2,41,2010,25580,29786
85162,2009,2014,32370,1,1,6,"2,3",41,2010,25530,30924
85162,2009,2014,43250,1,1,6,"2,3",41,2010,37920,42454
85162,2009,2014,48370,1,1,6,"2,3",41,2010,44060,46710
85162,2009,2014,53390,1,1,6,"2,3",41,2010,48950,51096
86824,2009,2014,150770,1,1,6,1,41,2010,144240,145624
86824,2009,2014,27140,1,1,6,1,41,2010,32090,27140
81338,2009,2014,43250,1,1,6,1,41,2010,37920,41680
81338,2009,2014,48370,1,1,6,1,41,2010,44060,46710
84629,2009,2014,64460,1,1,6,1,41,2010,60620,62428
84629,2009,2014,67510,1,1,6,1,41,2010,63560,65212
85162,2009,2014,14750,1,3,6,"2,3",41,2010,15070,14508
84556,2009,2014,16750,1,3,6,2,41,2010,7740,16572
84556,2009,2014,20420,1,3,6,2,41,2010,22420,20128
86797,2009,2014,23350,1,3,6,1,41,2009,19060,22547.5
85162,2009,2014,22050,1,4,6,"2,3",41,2010,17530,21094
85162,2009,2014,29910,1,4,6,"2,3",41,2010,26860,29436
85162,2009,2014,8690,1,4,6,"2,3",41,2010,8620,8072
85162,2009,2014,7020,1,4,6,"2,3",41,2010,7080,6668
81338,2009,2014,14450,1,4,6,1,41,2010,12360,14244
81338,2009,2014,18830,1,4,6,1,41,2010,17530,18582
81338,2009,2014,22050,1,4,6,1,41,2010,17530,21094
81338,2009,2014,29910,1,4,6,1,41,2010,26860,29436
81338,2009,2014,30800,1,4,6,1,41,2010,26860,30318
81338,2009,2014,23510,1,4,6,1,41,2010,26860,23134
81338,2009,2014,20130,1,4,6,1,41,2010,26860,19394
81338,2009,2014,13800,1,4,6,1,41,2010,26860,13278
81338,2009,2014,13890,1,4,6,1,41,2010,26860,13374
81338,2009,2014,12720,1,4,6,1,41,2010,11320,12244
81338,2009,2014,11760,1,4,6,1,41,2010,11320,9964
81338,2009,2014,9130,1,4,6,1,41,2010,6200,8764
81338,2009,2014,8300,1,4,6,1,41,2010,6200,7962
85162,2009,2014,8120,1,5,6,"2,3",41,2010,8310,7950
84557,2010,2014,60470,1,1,6,11,41,2010,47810,54438
X,2010,2014,1480,1,5,6,1,41,2008,1480,1480
78425,2010,2014,52480,1,1,6,1,41,2010,42410,48690
78425,2010,2014,53550,1,1,6,1,41,2010,42950,55640
84557,2010,2014,64130,1,1,6,11,41,2010,49170,57780
84557,2010,2014,62580,1,1,6,11,41,2010,47190,56540
18741,2010,2014,6820,1,1,6,2,41,2010,6750,6820
83500,2010,2014,139040,1,1,6,2,41,2010,129660,136886
83500,2010,2014,135430,1,1,6,2,41,2010,126870,133248
78425,2010,2014,56530,1,1,6,1,41,2010,42410,52122
78425,2010,2014,57690,1,1,6,1,41,2010,42950,53174
88393,2010,2014,7820,1,3,6,1,41,2009,7890,7820
88393,2010,2014,7930,1,3,6,1,41,2009,10840,7930
84557,2010,2014,12070,1,3,6,11,41,2010,10450,11238
84557,2010,2014,22490,1,3,6,11,41,2010,10450,20874
84557,2010,2014,22260,1,3,6,11,41,2010,20750,20662
84557,2010,2014,23340,1,3,6,11,41,2010,20750,21666
84557,2010,2014,21470,1,3,6,11,41,2010,14390,20104
78278,2010,2014,15570,1,3,6,2,41,2010,16510,14904
78278,2010,2014,17260,1,3,6,2,41,2010,18220,16666
78278,2010,2014,11070,1,3,6,2,41,2010,10860,11026
78278,2010,2014,9640,1,3,6,2,41,2010,4930,9352
83555,2010,2014,16390,1,3,6,1,41,2010,15530,15940
88393,2010,2014,29310,1,4,6,1,41,2009,20270,29310
88393,2010,2014,7340,1,4,6,1,41,2009,8440,7340
18741,2010,2014,7270,1,4,6,2,41,2010,6750,7270
75520,2011,2014,19160,1,3,6,1,41,2010,16140,17332
83444,2011,2014,1540,1,5,6,1,41,2010,1370,1452
90598,2011,2014,70650,1,1,6,1,41,2010,65750,65892
75520,2011,2014,19940,1,3,6,1,41,2010,18310,18396
75520,2011,2014,17690,1,3,6,1,41,2010,15570,16040
92262,2012,2014,5100,1,4,6,1,41,2010,4980,4980
86724,2012,2014,1050,1,5,6,1,41,2009,1050,1050
79559,2012,2014,2530,1,5,6,1,41,2010,1480,2530
90771,2012,2014,22050,1,3,6,1,41,2009,22050,22057.5
93543,2012,2014,10510,1,4,6,1,41,2010,10260,10260
93543,2012,2014,23590,1,4,6,1,41,2010,24900,22750
86867,2012,2014,15190,1,4,6,2,41,2010,17780,15110
93758,2012,2014,9700,1,4,6,2,41,2010,7680,9180
93758,2012,2014,10700,1,4,6,2,41,2010,15740,10160
86920,2010,2016,52870,1,1,6,1,41,2008,44490,46898
86920,2010,2016,5410,1,5,6,1,41,2008,4800,4798
88775,2010,2016,19860,1,3,6,1,41,2009,11440,19860
89905,2010,2016,32710,1,3,6,2,41,2009,24790,32381
89905,2010,2016,38050,1,3,6,2,41,2009,24790,37696.5
89905,2010,2016,36400,1,3,6,2,41,2009,24790,36050
25521,2011,2016,64400,1,1,6,1,41,2009,48840,59360
25521,2011,2016,57500,1,1,6,1,41,2009,52430,52355
88407,2011,2016,21420,1,3,6,12,41,2010,27980,-40029
25521,2011,2016,63100,1,1,6,1,41,2009,57610,57570
87941,2011,2016,82830,1,1,6,1,41,2010,77380,77379
87943,2011,2016,100700,1,1,6,1,41,2010,82670,97721
88085,2011,2016,71140,1,1,6,1,41,2010,67100,67339
90112,2011,2016,113550,1,1,6,1,41,2010,87560,107862
90120,2011,2016,69010,1,1,6,1,41,2010,68640,68635
86979,2011,2016,112180,1,1,6,1,41,2010,114580,111862
25733,2011,2016,52520,1,1,6,11,41,2010,48430,46376
25733,2011,2016,70250,1,1,6,11,41,2010,62680,61121
25733,2011,2016,110970,1,1,6,11,41,2010,92130,97959
25733,2011,2016,98960,1,1,6,11,41,2010,86960,89654
25733,2011,2016,87950,1,1,6,11,41,2010,102590,79472
25733,2011,2016,75100,1,1,6,11,41,2010,66790,66796
25733,2011,2016,72990,1,1,6,11,41,2010,65750,65619
25733,2011,2016,62370,1,1,6,11,41,2010,61590,53307
25733,2011,2016,61240,1,1,6,11,41,2010,61500,53071
25733,2011,2016,83450,1,1,6,11,41,2010,81520,73691
88407,2011,2016,22290,1,1,6,12,41,2010,28590,20583
88407,2011,2016,21000,1,1,6,12,41,2010,27090,19422
88407,2011,2016,29220,1,1,6,12,41,2010,27300,26586
88407,2011,2016,10860,1,3,6,12,41,2010,6380,10578
88407,2011,2016,11980,1,3,6,12,41,2010,11110,11728
88407,2011,2016,8380,1,3,6,12,41,2010,7740,8242
88407,2011,2016,20060,1,3,6,12,41,2010,22420,19490
88407,2011,2016,22900,1,3,6,12,41,2010,22420,22063
88407,2011,2016,23290,1,3,6,12,41,2010,22420,22453
88407,2011,2016,28930,1,3,6,12,41,2010,25580,28384
88407,2011,2016,28850,1,3,6,12,41,2010,25580,28310
88407,2011,2016,30420,1,3,6,12,41,2010,25580,29856
88407,2011,2016,29830,1,3,6,12,41,2010,25580,29116
88407,2011,2016,27080,1,3,6,12,41,2010,25580,26372
88407,2011,2016,28780,1,3,6,12,41,2010,25580,28060
88407,2011,2016,25330,1,3,6,12,41,2010,25580,24874
88407,2011,2016,28940,1,3,6,12,41,2010,25580,28334
88407,2011,2016,29420,1,3,6,12,41,2010,25580,28772
88407,2011,2016,21430,1,3,6,12,41,2010,17300,21043
88407,2011,2016,19490,1,3,6,12,41,2010,17730,18893
25733,2011,2016,30750,1,3,6,11,41,2010,32620,29343
25733,2011,2016,38470,1,3,6,11,41,2010,32620,35191
25733,2011,2016,23510,1,3,6,11,41,2010,24120,21422
25733,2011,2016,21140,1,3,6,11,41,2010,24120,19574
25733,2011,2016,20570,1,3,6,11,41,2010,24120,19013
25733,2011,2016,22790,1,3,6,11,41,2010,24120,21236
25733,2011,2016,26650,1,3,6,11,41,2010,24120,25096
25733,2011,2016,23510,1,3,6,11,41,2010,24120,21788
84964,2011,2016,4030,1,4,6,1,41,2011,8800,4030
25733,2011,2016,10570,1,4,6,11,41,2010,6020,8320
25733,2011,2016,28380,1,4,6,11,41,2010,15230,23463
77801,2012,2016,49300,1,1,6,3,41,2009,45880,45544.5
77801,2012,2016,49250,1,1,6,3,41,2009,45630,45557.5
77801,2012,2016,48430,1,1,6,3,41,2009,44930,44734
77801,2012,2016,52060,1,1,6,3,41,2009,48840,48840
77801,2012,2016,55840,1,1,6,3,41,2009,52430,52427.5
77801,2012,2016,51770,1,1,6,3,41,2010,47810,48626
77801,2012,2016,51360,1,1,6,3,41,2010,47220,48216
92647,2012,2016,12630,1,4,6,2,41,2010,13220,11514
87230,2012,2016,1720,1,5,6,1,41,2009,1520,1646.5
92207,2012,2016,8500,1,5,6,1,41,2010,8050,7957
90991,2012,2016,2570,1,5,6,2,41,2011,2500,2545
90991,2012,2016,2460,1,5,6,2,41,2011,2410,2435
90991,2012,2016,2630,1,5,6,2,41,2011,2410,2605
90991,2012,2016,1850,1,5,6,2,41,2011,1500,1830
92691,2012,2016,6770,1,5,6,2,41,2010,2880,5849
77801,2012,2016,47470,1,1,6,3,41,2009,44980,44974.5
77801,2012,2016,50150,1,1,6,3,41,2010,47190,47924
25594,2012,2016,71760,1,1,6,1,41,2010,62510,62511
25594,2012,2016,100860,1,1,6,1,41,2010,91190,91329
25594,2012,2016,127800,1,1,6,1,41,2010,119750,119871
76469,2012,2016,124690,1,1,6,1,41,2010,115920,115633
76469,2012,2016,125270,1,1,6,1,41,2010,116330,116063
76469,2012,2016,113830,1,1,6,1,41,2010,105060,104791
76469,2012,2016,114110,1,1,6,1,41,2010,103420,103415
24073,2012,2016,17940,1,1,6,2,41,2008,19300,17940
92552,2012,2016,27330,1,3,6,1,41,2007,34670,26956.5
89230,2012,2016,13100,1,3,6,1,41,2008,14040,12624
92023,2012,2016,8120,1,3,6,1,41,2010,7600,7592
88739,2012,2016,9850,1,3,6,2,41,2009,8510,9199
88739,2012,2016,10060,1,3,6,2,41,2009,11180,9391.5
88739,2012,2016,11930,1,3,6,2,41,2009,4430,11139
88739,2012,2016,21260,1,3,6,2,41,2009,14960,19853
88739,2012,2016,5310,1,3,6,2,41,2009,5500,4956.5
88739,2012,2016,24830,1,3,6,2,41,2009,18170,23174.5
88739,2012,2016,29980,1,3,6,2,41,2009,18170,27985
80096,2012,2016,9310,1,3,6,2,41,2009,7170,8942.5
88859,2012,2016,7610,1,5,6,1,41,2011,7400,7410
82632,2011,2017,18310,1,3,6,2,41,2011,13010,17647
82632,2011,2017,14560,1,3,6,2,41,2011,18180,13993
82632,2011,2017,13880,1,4,6,2,41,2011,14510,13598
82632,2011,2017,10290,1,4,6,2,41,2011,16330,10170
12343,2012,2017,102440,1,1,6,1,41,2010,99720,99724
81725,2012,2017,37730,1,1,6,1,41,2010,36900,36578.5
81725,2012,2017,35350,1,1,6,1,41,2010,36900,34226.5
76721,2012,2017,87680,1,1,6,1,41,2010,78400,78562.5
76721,2012,2017,80830,1,1,6,1,41,2010,70600,70585.5
76721,2012,2017,64200,1,1,6,1,41,2010,55870,55856
76721,2012,2017,63680,1,1,6,1,41,2010,55870,55444.5
76721,2012,2017,61800,1,1,6,1,41,2010,52020,51989.5
