InternalProjectID,AverageCount,AverageForecast,Error,PercentError,AbsPE,ImprovementType,Func_Class,Forecast_Method,Diff_Year,UnifiedImprovementType
10914,67797.5,69861.25,-2063.75,-2.954069674,2.954069674,11,1,6,1,2
12343,99720,99724,-4,-0.004011071,0.004011071,1,1,6,5,1
12356,28800,31001,-2201,-7.099770975,7.099770975,12,1,6,3,3
13364,4610,4910,-300,-6.109979633,6.109979633,1,5,6,1,1
13486,53705,60317.5,-6612.5,-10.96282173,10.96282173,3,1,6,5,1
13624,580,635,-55,-8.661417323,8.661417323,1,6,6,0,1
14821,34445,28621.75,5823.25,20.34554142,20.34554142,3,4,6,2,1
16144,15556,16568.738,-1012.738,-6.112342413,6.112342413,2,3,6,6,1
16514,54630,58143.33333,-3513.333333,-6.042538554,6.042538554,11,1,6,6,2
16579,2190,2193.5,-3.5,-0.159562343,0.159562343,1,5,6,0,1
16592,2040,2790,-750,-26.88172043,26.88172043,1,5,6,1,1
1663,3600,5010,-1410,-28.14371257,28.14371257,12,3,1,3,3
16669,66695,76644.5,-9949.5,-12.981362,12.981362,1,1,6,2,1
1693,11820,10880,940,8.639705882,8.639705882,12,3,1,0,3
16964,67020,62530,4490,7.180553334,7.180553334,12,1,6,1,3
16987,2100,1900,200,10.52631579,10.52631579,12,5,6,2,3
1745,3178.333333,3329.166667,-150.8333333,-4.530663329,4.530663329,12,4.666666667,1,2,3
1760,6460,8310,-1850,-22.26233454,22.26233454,12,3,1,4,3
18221,7760,9880,-2120,-21.45748988,21.45748988,1,3,6,1,1
18232,8020,6617,1403,21.20296207,21.20296207,1,5,6,2,1
18239,15180,14348.5,831.5,5.795030839,5.795030839,12,4,6,2,3
18241,22520,25350.25,-2830.25,-11.16458418,11.16458418,1,3,6,1,1
18242,21435,24301,-2866,-11.79375334,11.79375334,1,3,6,1,1
18296,22230,30520,-8290,-27.16251638,27.16251638,1,1,6,2,1
18604,4620,7151.67,-2531.67,-35.39970385,35.39970385,1,3,6,2,1
18624,875,1117.5,-242.5,-21.70022371,21.70022371,1,5,6,2,1
18629,4030,5124.047143,-1094.047143,-21.35123102,21.35123102,1,3.857142857,6,2,1
18630,9140,12087.5,-2947.5,-24.38469493,24.38469493,1,3,6,2,1
1864,1300,2900,-1600,-55.17241379,55.17241379,12,4,4,3,3
18702,103690,90623,13067,14.41907683,14.41907683,12,1,6,1,3
18741,6750,7045,-295,-4.187366927,4.187366927,2,2.5,6,4,1
1905,5700,6350,-650,-10.23622047,10.23622047,12,4,1,1,3
1929,13817.3913,16991.30435,-3173.913043,-18.67963153,18.67963153,12,7.347826087,4,4,3
1939,32600,37200,-4600,-12.3655914,12.3655914,12,1,1,5,3
19468,12990,15657.5,-2667.5,-17.03656395,17.03656395,12,3,6,3,3
19503,14545,15840,-1295,-8.175505051,8.175505051,1,2,6,2,1
19567,4390,6120,-1730,-28.26797386,28.26797386,1,3,6,2,1
19571,1000,1367,-367,-26.84711046,26.84711046,1,5,6,1,1
19578,10890,14509.58333,-3619.583333,-24.94615628,24.94615628,12,3.166666667,6,4,3
19580,7810,10430.83333,-2620.833333,-25.12582887,25.12582887,12,3,6,3,3
19585,52020,56244,-4224,-7.510134414,7.510134414,1,1,6,2,1
1959,10512.5,14187.5,-3675,-25.9030837,25.9030837,12,4,1,2,3
19601,1470,1488.5,-18.5,-1.242861942,1.242861942,1,5,6,1,1
1965,6900,7780,-880,-11.31105398,11.31105398,12,3.6,4,1,3
19654,6010,6340,-330,-5.205047319,5.205047319,1,4,6,2,1
1986,4800,4375,425,9.714285714,9.714285714,12,4,4,4,3
1990,14400,20025,-5625,-28.08988764,28.08988764,12,3,4,5,3
19932,41700,39760,1940,4.879275654,4.879275654,12,1,6,3,3
19971,9920,12630,-2710,-21.45684877,21.45684877,1,3,6,3,1
20-Year Plan For District 9,48875,47904.875,970.125,2.025107048,2.025107048,12,8,1,21,3
2004,6500,7400,-900,-12.16216216,12.16216216,12,3,1,1,3
2005,6733.333333,6966.666667,-233.3333333,-3.349282297,3.349282297,12,3,1,1,3
2006,2650,2900,-250,-8.620689655,8.620689655,12,4,1,1,3
20082,31765,40170,-8405,-20.92357481,20.92357481,12,3,6,3,3
2015,15200,18866.66667,-3666.666667,-19.43462898,19.43462898,12,4,1,2,3
2017,30800,36400,-5600,-15.38461538,15.38461538,12,1,1,3,3
20233,8420,12920,-4500,-34.82972136,34.82972136,1,3,6,3,1
20236,23592.5,25893,-2300.5,-8.884640636,8.884640636,11,3,6,0,2
2035,12500,15000,-2500,-16.66666667,16.66666667,12,4,1,1,3
20383,3590,3978,-388,-9.753645048,9.753645048,1,5,6,3,1
20424,32848.57143,45045.14286,-12196.57143,-27.07632978,27.07632978,1,3,6,0,1
2064,12900,14200,-1300,-9.154929577,9.154929577,12,3,1,1,3
2084,2575,1350,1225,90.74074074,90.74074074,12,4,4,6,3
20874,550,299,251,83.94648829,83.94648829,1,5,6,2,1
20878,26610,32144.70833,-5534.708333,-17.21810096,17.21810096,12,3.416666667,6,5,3
20879,9045,11045,-2000,-18.10774106,18.10774106,1,4,6,5,1
20981,7910,13320,-5410,-40.61561562,40.61561562,1,4,6,2,1
20996,17970,23498,-5528,-23.52540642,23.52540642,12,1,6,1.5,3
21075,3060,4821,-1761,-36.52769135,36.52769135,12,5,6,1,3
21147,8670,14284,-5614,-39.30271633,39.30271633,1,3,6,3,1
21177,23070,41694.5,-18624.5,-44.66896113,44.66896113,1,1,6,2,1
21250,10900,11099.65,-199.65,-1.798705365,1.798705365,12,4,6,2,3
2126,2630,2420,210,8.67768595,8.67768595,12,7,1,1,3
2137,38900,36362.5,2537.5,6.978343073,6.978343073,12,3,1,3,3
2138,6533.333333,8233.333333,-1700,-20.64777328,20.64777328,12,3,4,3,3
21453,18505,22254.165,-3749.165,-16.84702616,16.84702616,1,1,6,2,1
2148,10400,12800,-2400,-18.75,18.75,12,3,1,0,3
21509,6250,7145,-895,-12.52624213,12.52624213,1,4,6,1,1
2154,1395,1770,-375,-21.18644068,21.18644068,12,4.5,4,4,3
2156,2900,3000,-100,-3.333333333,3.333333333,12,3,1,0,3
21582,6090,6598.33,-508.33,-7.703919022,7.703919022,1,3,6,2,1
21583,41370,41340,30,0.07256894,0.07256894,1,1,6,1,1
2159,5976.666667,8371.666667,-2395,-28.60840135,28.60840135,12,3.666666667,1,4,3
21616,31660,37945,-6285,-16.56344709,16.56344709,1,1,6,2,1
21755,20643.33333,19483.33333,1160,5.953806672,5.953806672,1,3,6,2,1
21785,12810,14378,-1568,-10.90555015,10.90555015,12,4,6,2,3
2187,1800,1700,100,5.882352941,5.882352941,12,5,4,3,3
2191,1800,2800,-1000,-35.71428571,35.71428571,12,4,1,1,3
21927,15003.33333,17408.33333,-2405,-13.81522259,13.81522259,11,2.833333333,6,5,2
21938,13445,16154.5,-2709.5,-16.77241635,16.77241635,1,3,6,2,1
2197,1200,1500,-300,-20,20,12,4,1,2,3
2198,18100,20500,-2400,-11.70731707,11.70731707,12,3,1,1,3
22010,5200,7532.5,-2332.5,-30.9658148,30.9658148,3,4.5,6,3,1
2204,9537.5,9937.5,-400,-4.025157233,4.025157233,12,3,4,4,3
22080,11820,20070,-8250,-41.10612855,41.10612855,1,3,6,2,1
2209,3434,3742,-308,-8.230892571,8.230892571,12,4.4,1,3,3
2214,8028.571429,6314.285714,1714.285714,27.14932127,27.14932127,12,6.285714286,4,0,3
2217,5700,6250,-550,-8.8,8.8,12,3,1,2,3
22179,47736.66667,51026,-3289.333333,-6.446386809,6.446386809,12,1,6,2,3
22200,91694,99076,-7382,-7.450845815,7.450845815,1,1,6,4,1
22219,2655,2940,-285,-9.693877551,9.693877551,1,5,6,2,1
22232,14003.33333,16649.5,-2646.166667,-15.89337017,15.89337017,12,3,6,2,3
22245,14513.33333,22118.33333,-7605,-34.38324165,34.38324165,11,1.666666667,6,1,2
22398,7345,9986.25,-2641.25,-26.44886719,26.44886719,12,4,6,2,3
2241,22000,24500,-2500,-10.20408163,10.20408163,12,4,4,0,3
22491,7366.666667,9111,-1744.333333,-19.14535543,19.14535543,3,4.666666667,6,3,1
2252,3160,3550,-390,-10.98591549,10.98591549,12,3,1,2,3
22529,19126.66667,19483.89,-357.2233333,-1.833429225,1.833429225,1,3,6,1,1
2253,1300,2325,-1025,-44.08602151,44.08602151,12,4,1,2,3
2256,6500,7166.666667,-666.6666667,-9.302325581,9.302325581,12,3.666666667,1,3,3
2259,5250,5950,-700,-11.76470588,11.76470588,12,3,4,1,3
22598,13440,13070,370,2.830910482,2.830910482,1,3,6,2,1
2261,4850,5250,-400,-7.619047619,7.619047619,12,4,1,6,3
22666,1720,2280,-560,-24.56140351,24.56140351,1,5,6,2,1
22772,20434,29147.2,-8713.2,-29.89378053,29.89378053,3,2.2,6,3,1
22788,34920,46460,-11540,-24.83857081,24.83857081,12,1,6,1,3
22853,30230,30592.16667,-362.1666667,-1.183854255,1.183854255,1,1,6,2,1
22889,47160,57105.5,-9945.5,-17.41601072,17.41601072,11,1,6,4,2
2293,8691,7550,1141,15.11258278,15.11258278,12,3,5,1,3
2298,3496.666667,3066.666667,430,14.02173913,14.02173913,12,4.333333333,2,1,3
23022,3600,3519,81,2.301790281,2.301790281,1,4,6,1,1
23029,17985,21337.5,-3352.5,-15.71177504,15.71177504,2,3,6,1,1
23030,15110,30522.5,-15412.5,-50.49553608,50.49553608,12,4,6,2,3
2308,21133.33333,27200,-6066.666667,-22.30392157,22.30392157,12,3,4,4,3
23104,12030,10631,1399,13.1596275,13.1596275,1,4,6,2,1
23174,1980,3776.25,-1796.25,-47.56703078,47.56703078,12,5,6,2,3
2320,28650,32000,-3350,-10.46875,10.46875,12,3,1,1,3
2322,30566.66667,22933.33333,7633.333333,33.28488372,33.28488372,12,3,1,3,3
23265,11080,14695,-3615,-24.60020415,24.60020415,12,3.5,6,3,3
2329,26366.66667,27066.66667,-700,-2.586206897,2.586206897,12,3,1,3,3
2341,15633.33333,15600,33.33333333,0.213675214,0.213675214,12,3.333333333,4,1,3
2345,7866.666667,8233.333333,-366.6666667,-4.453441296,4.453441296,12,3.666666667,4,3,3
23569,5506.666667,6615,-1108.333333,-16.75485009,16.75485009,12,3.666666667,6,2,3
23574,5482.5,6274.125,-791.625,-12.61729723,12.61729723,1,4,6,2,1
23576,11610,11930,-320,-2.682313495,2.682313495,1,4,6,1,1
23577,6777.5,7508.125,-730.625,-9.731124615,9.731124615,1,4.75,6,2,1
23582,1752,2785.666,-1033.666,-37.10660216,37.10660216,1,5,6,2,1
23584,6730,6997.5,-267.5,-3.822793855,3.822793855,1,3,6,1,1
23586,10186,14360.5,-4174.5,-29.0693221,29.0693221,7.6,4.4,6,0.6,2
23587,3850,6444.17,-2594.17,-40.25607642,40.25607642,1,3,6,1,1
23588,920,1304.17,-384.17,-29.45704931,29.45704931,1,6,6,3,1
2359,9166.666667,9433.333333,-266.6666667,-2.826855124,2.826855124,12,3,1,2,3
2368,13400,15500,-2100,-13.5483871,13.5483871,12,3,4,3,3
2369,13200,14650,-1450,-9.897610922,9.897610922,12,3.5,4,3,3
23716,11710,12836.67,-1126.67,-8.776964742,8.776964742,1,3,6,1,1
23717,9290,10080,-790,-7.837301587,7.837301587,12,3,6,2,3
2372,2200,2000,200,10,10,12,4,1,3,3
2373,7700,8700,-1000,-11.49425287,11.49425287,12,3,1,2,3
23730,63585,81905.75,-18320.75,-22.36808771,22.36808771,1,1,6,2,1
23735,20380,21765,-1385,-6.363427521,6.363427521,1,1,6,1,1
23736,16265,17387.085,-1122.085,-6.453554463,6.453554463,1,1,6,1,1
23737,15890,14283.33333,1606.666667,11.24854142,11.24854142,1,2.333333333,6,1,1
23738,10970,12795,-1825,-14.26338413,14.26338413,1,3,6,1,1
237506-2,32500,32000,500,1.5625,1.5625,1,3,1,2,1
237550-1,33000,39300,-6300,-16.03053435,16.03053435,1,3,1,0,1
237565-1,13400,18300,-4900,-26.77595628,26.77595628,1,4,1,6,1
237567-1,23000,22900,100,0.436681223,0.436681223,1,3,1,0,1
237576-1,30500,56700,-26200,-46.20811287,46.20811287,4,3,1,5,1
237592-1,37000,43500,-6500,-14.94252874,14.94252874,4,3,4,5,1
237592-2,27000,33700,-6700,-19.88130564,19.88130564,4,3,4,5,1
237632-1,14100,19500,-5400,-27.69230769,27.69230769,12,3,6,3,3
237650-2,32500,28900,3600,12.4567474,12.4567474,1,3,4,4,1
237650-3,28100,36600,-8500,-23.22404372,23.22404372,4,3,4,5,1
237965-1,14900,9800,5100,52.04081633,52.04081633,4,3,4,2,1
23799,41166.66667,38434.16667,2732.5,7.109559637,7.109559637,1,1,6,1,1
23800,25345,29647.5,-4302.5,-14.51218484,14.51218484,1,2,6,1,1
2381,1475,2000,-525,-26.25,26.25,12,4,4,1,3
23817,18030,17325.83,704.17,4.064278594,4.064278594,1,1,6,1,1
23823,46570,50628.5,-4058.5,-8.016235915,8.016235915,3,1,6,3,1
23825,20590,23980,-3390,-14.13678065,14.13678065,1,3,6,2,1
23828,88050,108505,-20455,-18.85166582,18.85166582,11,1,6,3,2
23830,41640,46642,-5002,-10.72423996,10.72423996,12,1,6,2,3
23832,13900,14380,-480,-3.337969402,3.337969402,1,3,6,2,1
23833,11590,13722,-2132,-15.53709372,15.53709372,1,3,6,3,1
23835,31536.66667,39743.16667,-8206.5,-20.64883271,20.64883271,1,1,6,3,1
238394-2,36666.66667,36466.66667,200,0.548446069,0.548446069,4,3,4,8,1
238394-2A,25000,27700,-2700,-9.747292419,9.747292419,4,3,4,3,1
238394-3,28000,36600,-8600,-23.49726776,23.49726776,4,3,4,5,1
238394-4,41500,55400,-13900,-25.09025271,25.09025271,12,3,5,5,3
238395-4,32500,38400,-5900,-15.36458333,15.36458333,4,3,5,7,1
238395-5,34500,40050,-5550,-13.8576779,13.8576779,4,3,5,2,1
238422-1,33750,28100,5650,20.10676157,20.10676157,4,3,1,5,1
238429-4,43000,48600,-5600,-11.52263374,11.52263374,4,3,4,1,1
238429-5,52500,49000,3500,7.142857143,7.142857143,4,3,1,4,1
238651-1,14600,12600,2000,15.87301587,15.87301587,4,3,4,3,1
238677-1,18500,18300,200,1.092896175,1.092896175,4,4,1,3,1
238720-1,7900,10600,-2700,-25.47169811,25.47169811,1,3,5,8,1
2388,7133.333333,8566.666667,-1433.333333,-16.73151751,16.73151751,12,4.333333333,4,3,3
23894,16060,17993.25,-1933.25,-10.74430689,10.74430689,12,3,6,3,3
23903,5193.333333,5645,-451.6666667,-8.001180986,8.001180986,2,4,6,2,1
2391,600,1100,-500,-45.45454545,45.45454545,12,5,1,0,3
23914,2960,3580,-620,-17.31843575,17.31843575,1,4,6,4,1
2396,3950,3866.666667,83.33333333,2.155172414,2.155172414,12,3.666666667,1,2,3
240373-1,8200,8440,-240,-2.843601896,2.843601896,4,3,1,3,1
24073,19300,17940,1360,7.580824972,7.580824972,2,1,6,4,1
240887-1,47500,44700,2800,6.263982103,6.263982103,4,3,5,6,1
240992-2,19600,20200,-600,-2.97029703,2.97029703,2,3,4,2,1
240992-5,24500,25000,-500,-2,2,2,3,4,2,1
241020-1,25000,30100,-5100,-16.94352159,16.94352159,4,3,5,3,1
241043-1,3700,2845,855,30.05272408,30.05272408,1,3,4,4,1
2411,5225,6550,-1325,-20.22900763,20.22900763,12,4.5,1,3,3
241211-1,17000,14200,2800,19.71830986,19.71830986,1,4,5,3,1
241543-1,11300,16600,-5300,-31.92771084,31.92771084,4,3,4,3,1
2417,12825,15700,-2875,-18.31210191,18.31210191,12,3,1,2,3
24247,10250,29357,-19107,-65.08498825,65.08498825,3,3,6,2,1
242592-2,142000,148500,-6500,-4.377104377,4.377104377,4,1,1,4,1
242696-1,58500,46600,11900,25.53648069,25.53648069,4,3,1,1,1
24316,5933.333333,8281.25,-2347.916667,-28.35220126,28.35220126,1,3.833333333,6,2,1
2442,410,2900,-2490,-85.86206897,85.86206897,12,5,4,2,3
24441,110195,107500.625,2694.375,2.506380777,2.506380777,1,1,6,2,1
2449,4400,5350,-950,-17.75700935,17.75700935,12,4,1,1,3
2458,31566.66667,31666.66667,-100,-0.315789474,0.315789474,12,3.333333333,4,3,3
24597,4925,7635,-2710,-35.49443353,35.49443353,1,4,6,4,1
24598,2800,3702,-902,-24.365208,24.365208,1,5,6,5,1
2464,5700,7100,-1400,-19.71830986,19.71830986,12,3,4,4,3
2465,7666.666667,8766.666667,-1100,-12.54752852,12.54752852,12,3.333333333,4,4,3
2467,17757.14286,18928.57143,-1171.428571,-6.188679245,6.188679245,12,4,1,4,3
24691,36860,31816.67,5043.33,15.85121887,15.85121887,1,1,6,2,1
24738,5340,5115,225,4.398826979,4.398826979,1,4.5,6,1,1
24771,16060,18763.5,-2703.5,-14.4082927,14.4082927,3,3,6,1,1
24794,17133.33333,15547.83333,1585.5,10.19756236,10.19756236,1,1,6,3,1
2486,1000,1300,-300,-23.07692308,23.07692308,12,5,1,3,3
24947,8690,12563.7,-3873.7,-30.83247769,30.83247769,1,3.6,6,4,1
24956,23695,27028.335,-3333.335,-12.33274266,12.33274266,1,2,6,2,1
24957,55935,52330,3605,6.88897382,6.88897382,1,1,6,4,1
2501,10300,13400,-3100,-23.13432836,23.13432836,12,3,1,4,3
2514,576.6666667,713.3333333,-136.6666667,-19.1588785,19.1588785,12,5,1,3,3
25154,66090,82930,-16840,-20.30628241,20.30628241,1,1,6,1,1
25159,64560,64535,25,0.038738669,0.038738669,1,1,6,1,1
25198,10510,13978,-3468,-24.81041637,24.81041637,1,3,6,3,1
25199,14890,15007.75,-117.75,-0.784594626,0.784594626,1,3,6,3,1
25203,47515,48990,-1475,-3.010818534,3.010818534,1,1,6,2,1
25207,11250,12400,-1150,-9.274193548,9.274193548,1,3,6,3,1
2523,3800,4300,-500,-11.62790698,11.62790698,12,4,1,3,3
25235,18210,23602.66667,-5392.666667,-22.84770082,22.84770082,1,1.666666667,6,4,1
25325,39200,41440,-2240,-5.405405405,5.405405405,12,1,6,4,3
2533,7187.5,7579.5,-392,-5.171845109,5.171845109,12,4.2,1,2,3
2536,10940,12510,-1570,-12.54996003,12.54996003,12,3.4,1,2,3
25377,8036.666667,7772.5,264.1666667,3.398734856,3.398734856,12,3.666666667,6,1,3
25378,5410,6786.388333,-1376.388333,-20.2816029,20.2816029,2,4.833333333,6,2,1
25423,13030,15433.66667,-2403.666667,-15.57417766,15.57417766,1,3,6,4,1
25438,2810,3323.333333,-513.3333333,-15.44633902,15.44633902,1,4,6,1,1
2545,4733.333333,4550,183.3333333,4.029304029,4.029304029,12,4.666666667,1,1,3
2549,3900,4200,-300,-7.142857143,7.142857143,12,3,1,2,3
25499,65990,71752.5,-5762.5,-8.031079056,8.031079056,3,1,6,1,1
2550,12840,13870,-1030,-7.426099495,7.426099495,12,3,1,2,3
25508,45485,47023.625,-1538.625,-3.272025498,3.272025498,12,1,6,4,3
25521,52960,56428.33333,-3468.333333,-6.146439436,6.146439436,1,1,6,5,1
25528,77307.5,94146.6675,-16839.1675,-17.88610043,17.88610043,1,1,6,0,1
25555,65300,89823,-24523,-27.30147067,27.30147067,1,1,6,2,1
25574,19000,21961.67,-2961.67,-13.48563201,13.48563201,1,1,6,1,1
25575,18485,21502.915,-3017.915,-14.03491108,14.03491108,1,1,6,1,1
25594,91150,91237,-87,-0.095356051,0.095356051,1,1,6,4,1
25618,13910,13497.5,412.5,3.056121504,3.056121504,1,3,6,2,1
2564,3000,3900,-900,-23.07692308,23.07692308,12,5,1,2,3
25645,1680,1506,174,11.55378486,11.55378486,1,5,6,3,1
25654,3185.833333,4525.209167,-1339.375833,-29.59809777,29.59809777,1,4.5,6,2,1
25657,1620,2140,-520,-24.29906542,24.29906542,1,5,6,2,1
25659,4860,5364.17,-504.17,-9.398844556,9.398844556,1,4,6,2,1
25661,13490,18481.25,-4991.25,-27.00710179,27.00710179,1,4,6,2,1
25662,2070,3464.17,-1394.17,-40.24542675,40.24542675,1,5,6,2,1
25663,6203.333333,7082.360833,-879.0275,-12.41150403,12.41150403,1,4.25,6,2,1
25664,2185,2435.835,-250.835,-10.29770079,10.29770079,1,5,6,1,1
25666,2536.666667,3693.886667,-1157.22,-31.32797794,31.32797794,1,5,6,2,1
25667,2120,2780,-660,-23.74100719,23.74100719,1,4,6,2,1
25668,6436.666667,10246.11333,-3809.446667,-37.17943129,37.17943129,1,3,6,1,1
25669,3440,3437.5,2.5,0.072727273,0.072727273,1,4,6,1,1
2567,11050,11550,-500,-4.329004329,4.329004329,12,3,4,2,3
25672,4631.25,6378.2275,-1746.9775,-27.38970192,27.38970192,1,3,6,2,1
25673,1650,2000.625,-350.625,-17.5257732,17.5257732,1,5,6,2,1
25676,1290,1843.33,-553.33,-30.01795663,30.01795663,1,5,6,2,1
25677,2680,3310.834,-630.834,-19.05362818,19.05362818,1,5,6,2,1
25679,3724,5678.834,-1954.834,-34.42315799,34.42315799,1,4,6,1,1
25681,2748,3974.664,-1226.664,-30.86208042,30.86208042,1,4,6,1,1
25683,9752.5,10518.96,-766.46,-7.286461779,7.286461779,1,4,6,3,1
25695,10580,14655,-4075,-27.80620948,27.80620948,1,3.5,6,2,1
25697,7750,9608.33,-1858.33,-19.34082197,19.34082197,1,3,6,2,1
25698,11175,13134.17,-1959.17,-14.9165878,14.9165878,1,4,6,2,1
25700,8782.5,10693.12625,-1910.62625,-17.86779848,17.86779848,1,3.125,6,2,1
25713,112045,104185.75,7859.25,7.543498031,7.543498031,12,1,6,2,3
25733,48057.5,45575.6,2481.9,5.445677073,5.445677073,11,2.1,6,5,2
25734,52020,56349.5,-4329.5,-7.683297988,7.683297988,1,1,6,6,1
2576,5038,37725,-32687,-86.64546057,86.64546057,12,3,5,2,3
25760,24925,27406.75,-2481.75,-9.055250987,9.055250987,12,1,6,6,3
25768,18983.33333,26488.33333,-7505,-28.33322847,28.33322847,2,3,6,3,1
25769,9930,12738.66667,-2808.666667,-22.04835671,22.04835671,3,3,6,4,1
2577,17350,14666.66667,2683.333333,18.29545455,18.29545455,12,3.166666667,1,2,3
2621,1800,1900,-100,-5.263157895,5.263157895,12,3,1,3,3
2627,22000,17400,4600,26.43678161,26.43678161,12,3,1,2,3
2649,14000,13000,1000,7.692307692,7.692307692,12,3,4,1,3
2653,16600,16700,-100,-0.598802395,0.598802395,12,3,1,1,3
2671,82993,158766.6667,-75773.66667,-47.72643292,47.72643292,12,3,5,1,3
2690,19600,18500,1100,5.945945946,5.945945946,12,3,1,0,3
2698,510,750,-240,-32,32,12,6,1,1,3
2717,870,780,90,11.53846154,11.53846154,12,5,1,1,3
2726,4900,5800,-900,-15.51724138,15.51724138,12,4,1,1,3
2729,620,775,-155,-20,20,12,4,1,1,3
2737,3000,3600,-600,-16.66666667,16.66666667,12,4,1,1,3
2739,3100,4700,-1600,-34.04255319,34.04255319,12,4,1,1,3
2764,856.6666667,1406.666667,-550,-39.09952607,39.09952607,12,5,1,1,3
2833,32580,35040,-2460,-7.020547945,7.020547945,12,1,1,2,3
2834,9700,15000,-5300,-35.33333333,35.33333333,12,4,4,3,3
2840,5100,5250,-150,-2.857142857,2.857142857,12,3.8,4,1,3
2891,2600,2625,-25,-0.952380952,0.952380952,12,4,4,2,3
2923,8725,11675,-2950,-25.26766595,25.26766595,12,3.25,4,1,3
2926,9250,9200,50,0.543478261,0.543478261,12,4.25,4,2,3
2927,4475,4525,-50,-1.104972376,1.104972376,12,4,4,0,3
2962,36625,39600,-2975,-7.512626263,7.512626263,12,3,4,1,3
2963,11500,11975,-475,-3.966597077,3.966597077,12,4,4,1,3
3055,11444.61538,12119.23077,-674.6153846,-5.56648683,5.56648683,12,5.307692308,4,2,3
3073,1200,2800,-1600,-57.14285714,57.14285714,12,4,1,2,3
3076,48800,51866.66667,-3066.666667,-5.912596401,5.912596401,12,1,4,1,3
3082,7250,8200,-950,-11.58536585,11.58536585,12,4.5,4,2,3
3135,3350,3750,-400,-10.66666667,10.66666667,12,5,4,1,3
3200,260,470,-210,-44.68085106,44.68085106,12,6,4,1,3
3202,700,790,-90,-11.39240506,11.39240506,12,5,1,1,3
3209,3237.5,3825,-587.5,-15.35947712,15.35947712,12,4.5,4,1,3
3231,2460,2200,260,11.81818182,11.81818182,12,4.2,1,2,3
3253,3650,3750,-100,-2.666666667,2.666666667,12,4,1,1,3
3278,32650,30900,1750,5.663430421,5.663430421,12,1,4,1,3
3317,9500,10916.66667,-1416.666667,-12.97709924,12.97709924,12,3.666666667,4,1,3
3324,34066.66667,38766.66667,-4700,-12.12381771,12.12381771,12,1,1,1,3
3331,450,430,20,4.651162791,4.651162791,12,5,1,1,3
3362,17066.66667,21100,-4033.333333,-19.11532385,19.11532385,12,3.333333333,4,0,3
3364,2500,4800,-2300,-47.91666667,47.91666667,12,5,4,1,3
3366,3700,5300,-1600,-30.18867925,30.18867925,12,5,4,1,3
3374,720,700,20,2.857142857,2.857142857,12,5,1,1,3
3376,780,700,80,11.42857143,11.42857143,12,5,1,1,3
3384,5600,6600,-1000,-15.15151515,15.15151515,12,4,4,0,3
3385,650,630,20,3.174603175,3.174603175,12,5,1,0,3
3394,6770,8510,-1740,-20.44653349,20.44653349,12,6.3,4,0,3
3434,9283.333333,11583.33333,-2300,-19.85611511,19.85611511,12,3.333333333,4,0,3
3456,8336.666667,9511.666667,-1175,-12.35325039,12.35325039,12,3,1,0,3
3489,4850,4900,-50,-1.020408163,1.020408163,12,3,1,1,3
3490,130,170,-40,-23.52941176,23.52941176,12,5,1,1,3
3493,2600,2500,100,4,4,12,3,1,2,3
3507,1400,1500,-100,-6.666666667,6.666666667,12,5,1,1,3
3512,2383.333333,2481.666667,-98.33333333,-3.962390866,3.962390866,12,3.833333333,4,1,3
3531,4300,6600,-2300,-34.84848485,34.84848485,12,4,4,1,3
3558,4100,4300,-200,-4.651162791,4.651162791,12,5,1,1,3
3609,35700,38300,-2600,-6.788511749,6.788511749,12,3,1,1,3
404418-1,49000,51500,-2500,-4.854368932,4.854368932,2,3,1,0,1
404525-1,19900,23450,-3550,-15.13859275,15.13859275,4,3,5,4,1
405506-2,36500,53700,-17200,-32.02979516,32.02979516,4,3,1,5,1
406869-3,52500,53400,-900,-1.685393258,1.685393258,1,1,1,6,1
406869-4,31000,35400,-4400,-12.42937853,12.42937853,1,1,1,6,1
406869-5,29500,45000,-15500,-34.44444444,34.44444444,1,1,1,6,1
406869-6,31000,43900,-12900,-29.38496583,29.38496583,1,1,1,6,1
408638-1,26000,24500,1500,6.12244898,6.12244898,1,3,1,4,1
408639-1,2600,2800,-200,-7.142857143,7.142857143,1,3,1,3,1
408905-1,41500,27200,14300,52.57352941,52.57352941,12,4,1,1,3
409093-1,7900,22200,-14300,-64.41441441,64.41441441,1,4,5,3,1
409165-1,32750,27950,4800,17.17352415,17.17352415,1,3,5,2,1
409166-1,15789,13400,2389,17.82835821,17.82835821,1,3,5,2,1
409167-1,9800,14900,-5100,-34.22818792,34.22818792,1,4,5,3,1
409173-1,2100,2300,-200,-8.695652174,8.695652174,1,3,4,0,1
409180-1,6833.333333,6700,133.3333333,1.990049751,1.990049751,1,4,5,2,1
409846-1,35000,29800,5200,17.44966443,17.44966443,1,3,1,1,1
409847-1,47500,45000,2500,5.555555556,5.555555556,1,3,1,2,1
409870-1,11282,16200,-4918,-30.35802469,30.35802469,4,3,5,4,1
410250-1,5500,6500,-1000,-15.38461538,15.38461538,4,4,4,5,1
410777-1,12500,11600,900,7.75862069,7.75862069,1,4,4,2,1
410983-1,43229.66667,48700,-5470.333333,-11.23271732,11.23271732,4,3,4,4,1
411092-1,10200,16900,-6700,-39.64497041,39.64497041,1,3,1,5,1
411116-1,11500,17400,-5900,-33.90804598,33.90804598,1,3,1,1,1
411256-3,14100,13300,800,6.015037594,6.015037594,4,3,1,4,1
411256-4,12200,13600,-1400,-10.29411765,10.29411765,4,3,1,5,1
411257-3,14500,16500,-2000,-12.12121212,12.12121212,4,3,5,3,1
411257-4,13900,12200,1700,13.93442623,13.93442623,4,3,4,5,1
411476-1,20500,29800,-9300,-31.20805369,31.20805369,1,3,4,7,1
411603-1,25000,38800,-13800,-35.56701031,35.56701031,1,3,4,3,1
411603-1A,31250,40950,-9700,-23.68742369,23.68742369,1,3,4,2,1
411612-1,15500,15900,-400,-2.51572327,2.51572327,1,4,4,2,1
411613-1,7400,10200,-2800,-27.45098039,27.45098039,1,3,4,3,1
411613-1A,6550,5900,650,11.01694915,11.01694915,1,3,4,3,1
411614-1,15700,14650,1050,7.167235495,7.167235495,1,4,5,2,1
411660-1,13700,14600,-900,-6.164383562,6.164383562,1,3,4,1,1
411661-1,5200,6700,-1500,-22.3880597,22.3880597,1,3,4,1,1
411662-1,4200,5200,-1000,-19.23076923,19.23076923,1,3,4,1,1
411664-1,27875,25750,2125,8.252427184,8.252427184,1,3,5,2,1
411666-1,21000,20100,900,4.47761194,4.47761194,1,3,4,3,1
411667-1,29500,40600,-11100,-27.33990148,27.33990148,1,3,4,3,1
411672-1,21940,23320,-1380,-5.917667238,5.917667238,1,3,4,2,1
411727-1,5100,5495,-395,-7.188353048,7.188353048,1,3,4,2,1
411728-1,43500,49400,-5900,-11.94331984,11.94331984,1,3,5,3,1
411730-1,58500,67900,-9400,-13.84388807,13.84388807,1,3,4,4,1
411742-1,23745.33333,25566.66667,-1821.333333,-7.123859192,7.123859192,1,3,5,2,1
411777-1,34321.5,32665,1656.5,5.071177101,5.071177101,1,3,4,4,1
411778-1,28500,28400,100,0.352112676,0.352112676,1,3,4,3,1
411781-1,11600,10950,650,5.936073059,5.936073059,1,3,4,3,1
411782-1,19500,28250,-8750,-30.97345133,30.97345133,1,3,4,4,1
411783-1,7300,6900,400,5.797101449,5.797101449,1,3,5,3,1
411787-1,6300,7900,-1600,-20.25316456,20.25316456,1,1,5,2,1
411809-1,36713.75,36950,-236.25,-0.639377537,0.639377537,1,3,5,3,1
411981-1,16000,19160,-3160,-16.49269311,16.49269311,1,4,4,3,1
411983-1,25250,22100,3150,14.25339367,14.25339367,1,3.5,1,2,1
411985-1,18500,13300,5200,39.09774436,39.09774436,1,3,4,3,1
411993-1,24250,21800,2450,11.23853211,11.23853211,1,3,5,3,1
411997-1,38000,39200,-1200,-3.06122449,3.06122449,1,3,4,2,1
412357-1,4900,4700,200,4.255319149,4.255319149,5,3,1,2,1
413473-1,10300,6000,4300,71.66666667,71.66666667,12,3,4,3,3
413570-1,31500,27600,3900,14.13043478,14.13043478,1,3,4,2,1
413571-1,18700,15200,3500,23.02631579,23.02631579,1,3,5,3,1
413574-1,27000,19500,7500,38.46153846,38.46153846,1,4,5,2,1
413575-1,17200,14500,2700,18.62068966,18.62068966,1,3,5,3,1
413576-1,27000,33700,-6700,-19.88130564,19.88130564,1,3,5,3,1
413577-1,41000,39100,1900,4.859335038,4.859335038,1,4,5,2,1
413578-1,47000,46400,600,1.293103448,1.293103448,1,3,5,3,1
413582-1,28000,32700,-4700,-14.37308869,14.37308869,1,3,4,3,1
413583-1,42000,38500,3500,9.090909091,9.090909091,1,3,4,3,1
413584-1,32000,33200,-1200,-3.614457831,3.614457831,1,3,5,3,1
413585-1,27000,40400,-13400,-33.16831683,33.16831683,1,3,5,3,1
413586-1,6500,4400,2100,47.72727273,47.72727273,1,3,5,3,1
413587-1,14300,13800,500,3.623188406,3.623188406,1,3,4,3,1
413589-1,27000,25200,1800,7.142857143,7.142857143,1,3,4,3,1
413590-1,46000,47930,-1930,-4.026705612,4.026705612,1,3,4,2,1
413592-1,15050,20050,-5000,-24.93765586,24.93765586,1,3,1,2,1
413594-1,54000,47200,6800,14.40677966,14.40677966,1,3,4,2,1
413595-1,3700,4200,-500,-11.9047619,11.9047619,1,3,5,3,1
413596-1,11500,12100,-600,-4.958677686,4.958677686,1,3,5,3,1
413603-1,41500,36500,5000,13.69863014,13.69863014,1,3,5,3,1
415973-1,7700,15400,-7700,-50,50,4,4,5,2,1
415977-1,29000,21100,7900,37.44075829,37.44075829,4,3,5,2,1
415978-1,23000,20800,2200,10.57692308,10.57692308,4,3,1,3,1
416153-1,9500,14500,-5000,-34.48275862,34.48275862,1,4,5,0,1
416187-1,20650,24000,-3350,-13.95833333,13.95833333,4,3.5,5,2,1
416188-1,35500,42100,-6600,-15.67695962,15.67695962,1,3,1,2,1
416189-1,53000,58100,-5100,-8.777969019,8.777969019,4,4,5,2,1
416194-1,17700,23400,-5700,-24.35897436,24.35897436,4,3,4,5,1
416219-1,18200,21800,-3600,-16.51376147,16.51376147,4,4,4,4,1
416221-1,5100,4750,350,7.368421053,7.368421053,4,4,1,2,1
416407-1,18200,19700,-1500,-7.614213198,7.614213198,4,3,1,2,1
416408-1,32500,48500,-16000,-32.98969072,32.98969072,12,3,1,3,3
416518-1,1600,3050,-1450,-47.54098361,47.54098361,2,1,4,2,1
416657-1,14900,17200,-2300,-13.37209302,13.37209302,4,3,1,3,1
416740-1,36000,44300,-8300,-18.73589165,18.73589165,12,3,4,3,3
416753-1,10500,13100,-2600,-19.84732824,19.84732824,4,4,1,2,1
416773-1,28000,32700,-4700,-14.37308869,14.37308869,12,3,4,3,3
416798-1,13200,14600,-1400,-9.589041096,9.589041096,4,3,5,2,1
416893-1,37500,22900,14600,63.75545852,63.75545852,4,4,4,2,1
416939-1,69750,83050,-13300,-16.01444913,16.01444913,1,3,5,2,1
417006-1,9400,9300,100,1.075268817,1.075268817,2,3,5,2,1
417141-1,4300,4000,300,7.5,7.5,1,4,1,3,1
417153-1,19200,22400,-3200,-14.28571429,14.28571429,1,3,4,2,1
417154-1,8300,6950,1350,19.42446043,19.42446043,1,3,1,3,1
417158-1,6000,6100,-100,-1.639344262,1.639344262,2,3,4,2,1
417165-1,10500,13200,-2700,-20.45454545,20.45454545,4,3,5,3,1
417247-1,9300,6795,2505,36.86534216,36.86534216,2,3,4,2,1
417378-1,7800,9700,-1900,-19.58762887,19.58762887,12,3,4,0,3
417380-1,5300,4700,600,12.76595745,12.76595745,12,4,4,0,3
418321-1,28500,28300,200,0.706713781,0.706713781,4,3,1,5,1
418328-1,27500,32300,-4800,-14.86068111,14.86068111,4,3,5,5,1
418647-1,14500,26600,-12100,-45.4887218,45.4887218,1,3,4,3,1
419367-1,8400,22700,-14300,-62.99559471,62.99559471,4,1,5,2,1
419370-1,5600,5300,300,5.660377358,5.660377358,4,3,1,2,1
419557-1,11600,12700,-1100,-8.661417323,8.661417323,1,3,1,2,1
419561-1,11390,15500,-4110,-26.51612903,26.51612903,1,3,1,3,1
419562-1,32000,26700,5300,19.85018727,19.85018727,1,3,1,3,1
419563-1,55500,28700,26800,93.37979094,93.37979094,1,3,1,2,1
419564-1,5300,7100,-1800,-25.35211268,25.35211268,1,4,4,3,1
419581-1,50000,47700,2300,4.821802935,4.821802935,1,3,4,2,1
419582-1,54000,57500,-3500,-6.086956522,6.086956522,1,4,1,3,1
419583-1,3200,5000,-1800,-36,36,1,4,1,2,1
419584-1,18900,16900,2000,11.83431953,11.83431953,1,3,5,3,1
419585-1,28000,30500,-2500,-8.196721311,8.196721311,1,3,5,2,1
419586-1,19000,15900,3100,19.49685535,19.49685535,1,4,1,2,1
419587-1,7600,18000,-10400,-57.77777778,57.77777778,1,5,4,3,1
419587-2,16000,23500,-7500,-31.91489362,31.91489362,1,5,4,3,1
419588-1,29000,34200,-5200,-15.20467836,15.20467836,1,3,1,2,1
419588-2,18200,20200,-2000,-9.900990099,9.900990099,1,3,1,2,1
419589-1,9400,12900,-3500,-27.13178295,27.13178295,1,3,5,3,1
419591-1,29000,34900,-5900,-16.90544413,16.90544413,1,3,4,3,1
419592-1,13700,15600,-1900,-12.17948718,12.17948718,1,3,4,2,1
419593-1,13700,12400,1300,10.48387097,10.48387097,1,3,1,2,1
419595-1,43500,49000,-5500,-11.2244898,11.2244898,1,3,5,3,1
419596-1,39000,50000,-11000,-22,22,1,3,5,3,1
419597-1A,12500,13700,-1200,-8.759124088,8.759124088,1,3,5,3,1
421621-1,28000,30800,-2800,-9.090909091,9.090909091,1,3,5,3,1
421974-1,16100,25200,-9100,-36.11111111,36.11111111,1,4,1,3,1
421975-1,35000,37200,-2200,-5.913978495,5.913978495,1,3,5,2,1
421976-1,10400,14600,-4200,-28.76712329,28.76712329,1,4,1,3,1
421977-1,19600,24300,-4700,-19.34156379,19.34156379,1,3,1,3,1
421978-1,7100,7400,-300,-4.054054054,4.054054054,1,3,5,3,1
421979-1,2900,3000,-100,-3.333333333,3.333333333,1,4,5,3,1
421981-1,24500,22100,2400,10.85972851,10.85972851,1,3,5,3,1
421986-1,4700,4250,450,10.58823529,10.58823529,1,4,4,3,1
421988-1,14300,14200,100,0.704225352,0.704225352,1,3,5,2,1
421989-1,36500,37300,-800,-2.144772118,2.144772118,1,3,1,3,1
421990-1,14008,14200,-192,-1.352112676,1.352112676,1,3,5,3,1
421991-1,28881,45000,-16119,-35.82,35.82,1,3,5,3,1
422001-1,12900,15100,-2200,-14.56953642,14.56953642,1,3,1,3,1
422002-1,29500,45000,-15500,-34.44444444,34.44444444,1,3,5,3,1
422003-1,25000,26000,-1000,-3.846153846,3.846153846,1,3,1,3,1
422004-1,14700,17700,-3000,-16.94915254,16.94915254,1,3,5,3,1
422005-1,14700,15200,-500,-3.289473684,3.289473684,1,4,5,3,1
422008-1,16500,18500,-2000,-10.81081081,10.81081081,1,4,1,3,1
422009-1,36500,42100,-5600,-13.30166271,13.30166271,1,4,1,3,1
422010-1,13500,15900,-2400,-15.09433962,15.09433962,1,4,2,3,1
422011-1,19500,24900,-5400,-21.68674699,21.68674699,1,3,5,3,1
422012-1,17700,16600,1100,6.626506024,6.626506024,1,4,4,2,1
422018-1,25250,27300,-2050,-7.509157509,7.509157509,1,3,4,2,1
422019-1,22500,23400,-900,-3.846153846,3.846153846,1,3,4,3,1
422020-1,28000,32000,-4000,-12.5,12.5,1,3,4,3,1
422022-1,21500,25100,-3600,-14.34262948,14.34262948,1,3,4,3,1
422023-1,4500,6100,-1600,-26.2295082,26.2295082,1,3,1,3,1
422024-1,14006,14100,-94,-0.666666667,0.666666667,1,3,1,3,1
422024-2,19800,17700,2100,11.86440678,11.86440678,1,3,5,4,1
422026-1,12300,17300,-5000,-28.9017341,28.9017341,1,3,1,3,1
422027-1,23600,27450,-3850,-14.02550091,14.02550091,1,3,4,3,1
422028-1,11500,13500,-2000,-14.81481481,14.81481481,1,4,2,2,1
422030-1,19500,36600,-17100,-46.72131148,46.72131148,1,3,4,3,1
422030-2,14000,36500,-22500,-61.64383562,61.64383562,1,3,4,2,1
422031-1,8600,8700,-100,-1.149425287,1.149425287,1,4,4,2,1
422032-1,27000,29500,-2500,-8.474576271,8.474576271,1,3,5,2,1
422033-1,58500,59100,-600,-1.015228426,1.015228426,1,3,4,3,1
422223-1,15900,14000,1900,13.57142857,13.57142857,4,4,2,2,1
422567-1,19900,18400,1500,8.152173913,8.152173913,1,3,4,2,1
422627-1,25000,23500,1500,6.382978723,6.382978723,4,3,4,2,1
422683-1,33250,31850,1400,4.395604396,4.395604396,1,3,2,2,1
422707-1,67000,70350,-3350,-4.761904762,4.761904762,1,3,5,3,1
422708-1,16600,18400,-1800,-9.782608696,9.782608696,1,3,4,2,1
423096-1,6500,6600,-100,-1.515151515,1.515151515,4,4,5,2,1
423346-1,10600,9650,950,9.844559585,9.844559585,1,3,1,3,1
423347-1,25500,31100,-5600,-18.00643087,18.00643087,1,3,5,2,1
423348-1,10800,13100,-2300,-17.55725191,17.55725191,1,3,5,3,1
423350-1,29000,18765,10235,54.54303224,54.54303224,1,3,4,2,1
423351-1,28000,31400,-3400,-10.82802548,10.82802548,1,3,5,2,1
423352-1,28000,40800,-12800,-31.37254902,31.37254902,1,3,1,3,1
423353-1,36000,28300,7700,27.20848057,27.20848057,1,3,4,3,1
423356-1,39750,43200,-3450,-7.986111111,7.986111111,1,4,5,3,1
423359-1,32500,35900,-3400,-9.470752089,9.470752089,1,4,5,3,1
423360-1,6000,3850,2150,55.84415584,55.84415584,1,4,1,2,1
423362-1,44000,47600,-3600,-7.56302521,7.56302521,1,3,5,2,1
423362-2,21500,24200,-2700,-11.15702479,11.15702479,1,3,5,1,1
423567-1,26524,30600,-4076,-13.32026144,13.32026144,1,1,4,2,1
423630-1,30500,39000,-8500,-21.79487179,21.79487179,1,3,5,2,1
424228-1,35277,43370,-8093,-18.66036431,18.66036431,1,4,4,2,1
424524-1,5800,5800,0,0,0,1,4,4,2,1
424735-1,5800,5600,200,3.571428571,3.571428571,2,4,4,2,1
424881-1,14000,16800,-2800,-16.66666667,16.66666667,1,4,4,2,1
424883-1,4600,5700,-1100,-19.29824561,19.29824561,1,3,5,2,1
424884-1,5300,6300,-1000,-15.87301587,15.87301587,1,3,4,3,1
424885-1,14500,14100,400,2.836879433,2.836879433,1,4,4,3,1
424886-1,57000,56400,600,1.063829787,1.063829787,1,3,5,2,1
424899-1,31000,32500,-1500,-4.615384615,4.615384615,1,4,5,2,1
426566-1,41424,47900,-6476,-13.51983299,13.51983299,1,3,5,4,1
665,10033.33333,10866.66667,-833.3333333,-7.668711656,7.668711656,12,3,1,1,3
75077,10350,13345,-2995,-22.4428625,22.4428625,1,3,6,1,1
75078,10350,13345,-2995,-22.4428625,22.4428625,3,3,6,1,1
75086,28740,28897.5,-157.5,-0.545029847,0.545029847,1,1,6,1,1
75182,7090,9052.5,-1962.5,-21.67909417,21.67909417,2,5,6,2,1
75186,47190,58555,-11365,-19.40910255,19.40910255,11,1,6,1,2
75253,22300,15750,6550,41.58730159,41.58730159,1,1,6,2,1
75408,4056.666667,4685.836667,-629.17,-13.42705785,13.42705785,1,3,6,1,1
75418,18452.5,18423.3325,29.1675,0.158318263,0.158318263,1,1,6,1,1
75441,2300,3155,-855,-27.09984152,27.09984152,1,5,6,1,1
75443,1800,1876,-76,-4.051172708,4.051172708,1,5,6,2,1
75444,820,1111,-291,-26.19261926,26.19261926,1,6,6,2,1
75472,9360,20608.5,-11248.5,-54.5818473,54.5818473,3,3,6,4,1
75477,35400,39087,-3687,-9.432803745,9.432803745,1,1,6,3,1
75518,8970,9082.5,-112.5,-1.238645747,1.238645747,1,3,6,3,1
75520,16673.33333,17256,-582.6666667,-3.376603307,3.376603307,1,3,6,3,1
75529,47190,54336,-7146,-13.15150177,13.15150177,1,1,6,3,1
75643,63950,62835,1115,1.77448874,1.77448874,1,1,6,3,1
75691,7150,8870,-1720,-19.39120631,19.39120631,1,4,6,0,1
75732,13720,13272.5,447.5,3.371633076,3.371633076,1,1,6,2,1
75736,33306.66667,27645.33333,5661.333333,20.47844121,20.47844121,3,1,6,4,1
75861,1060,1197.5,-137.5,-11.4822547,11.4822547,2,5,6,4,1
75863,59140,63423.66667,-4283.666667,-6.754050801,6.754050801,3,1.333333333,6,3,1
75869,105157.5,95676.25,9481.25,9.909721587,9.909721587,12,1,6,1,3
75883,44545,57624,-13079,-22.69714008,22.69714008,1,2,6,3,1
75989,62920,70177,-7257,-10.34099491,10.34099491,2,1,6,3,1
76002,19226.66667,19225,1.666666667,0.008669267,0.008669267,1,1,6,1,1
76009,3310,4088.18,-778.18,-19.03487616,19.03487616,1,5,6,2,1
76158,1240,1607,-367,-22.83758556,22.83758556,1,5,6,3,1
76174,75405.45455,91790,-16384.54545,-17.85003318,17.85003318,1,1,6,1.181818182,1
76254,11620,22345,-10725,-47.99731484,47.99731484,12,3,6,3,3
76265,7160,6300,860,13.65079365,13.65079365,2,5,6,2,1
76267,12970,16875,-3905,-23.14074074,23.14074074,2,4,6,3,1
76359,44250,49626,-5376,-10.83303107,10.83303107,1,1,6,7,1
76375,7685,9200.25,-1515.25,-16.46966115,16.46966115,2,4,6,4,1
76378,23600,27418,-3818,-13.92515865,13.92515865,2,3,6,5,1
76411,34830,38232,-3402,-8.898305085,8.898305085,1,1,6,2,1
76437,17685,22200.5,-4515.5,-20.33963199,20.33963199,3,3,6,4,1
76441,19420,21869,-2449,-11.19850016,11.19850016,2,3,6,3,1
76469,110182.5,109975.5,207,0.188223741,0.188223741,1,1,6,4,1
76480,12740,17275,-4535,-26.25180897,26.25180897,2,3,6,2,1
76536,6080,7261,-1181,-16.26497728,16.26497728,2,4,6,2,1
76565,18815,22283.5,-3468.5,-15.56532861,15.56532861,1,3,6,3,1
76674,64800,93525,-28725,-30.71371291,30.71371291,12,1,6,1,3
76721,62552,62487.6,64.4,0.103060447,0.103060447,1,1,6,5,1
76825,30795,31848,-1053,-3.306330068,3.306330068,1,1,6,2,1
76938,38710,39090,-380,-0.972115631,0.972115631,2,3,6,4,1
76968,28540,27436,1104,4.023910191,4.023910191,12,3,6,1,3
76990,2380,2351,29,1.233517652,1.233517652,1,5,6,2,1
77037,36310,41299.666,-4989.666,-12.08161344,12.08161344,1,1,6,2,1
77057,12556.66667,16516.33333,-3959.666667,-23.97424771,23.97424771,12,3.666666667,6,1,3
77076,40047.5,46763.75,-6716.25,-14.36208602,14.36208602,11,3,6,2,2
77078,116150,132030,-15880,-12.02756949,12.02756949,1,1,6,3,1
77117,77060,87314,-10254,-11.74382115,11.74382115,1,1,6,2,1
77129,19106.66667,27326.66667,-8220,-30.08050744,30.08050744,12,1.666666667,6,2,3
77198,15060,23523.16667,-8463.166667,-35.9780075,35.9780075,3,3,6,2,1
77242,62445,74914.8,-12469.8,-16.64530907,16.64530907,11,1.4,6,4,2
77244,37175,49777.5,-12602.5,-25.3176636,25.3176636,2,1,6,0,1
77248,92640,111634,-18994,-17.01452962,17.01452962,11,1,6,11,2
77273,7633.333333,9043.333333,-1410,-15.59159602,15.59159602,1,3,6,2,1
77284,5646.25,7300,-1653.75,-22.65410959,22.65410959,1,3,6,2,1
77308,2140,2540,-400,-15.7480315,15.7480315,1,5,6,2,1
77314,9766.666667,10411.66667,-645,-6.194973587,6.194973587,1,1,6,2,1
77318,14700,18082.5,-3382.5,-18.70593115,18.70593115,1,3,6,2,1
77326,97596.66667,100576.6667,-2980,-2.962913863,2.962913863,11,1,6,1,2
77348,6666.666667,7387.776667,-721.11,-9.760852724,9.760852724,1,3,6,3,1
77349,7100,7102.5,-2.5,-0.035198874,0.035198874,1,3,6,1,1
77351,18380,19466.6675,-1086.6675,-5.582195823,5.582195823,1,1,6,1,1
77355,42710,43846.39,-1136.39,-2.591752708,2.591752708,1,1,6,1,1
77419,81910,120395,-38485,-31.96561319,31.96561319,1,1,6,3,1
77447,43257.5,43260.625,-3.125,-0.007223659,0.007223659,1,1,6,1,1
77449,17166.66667,18396.66667,-1230,-6.685993839,6.685993839,1,3,6,1,1
77557,19660,16398,3262,19.89266984,19.89266984,2,3,6,4,1
77562,1600,1671.5,-71.5,-4.277594975,4.277594975,1,6,6,2,1
77568,86960,91017.5,-4057.5,-4.457933914,4.457933914,1,1,6,0,1
77592,5965,6999.375,-1034.375,-14.77810519,14.77810519,1,4.5,6,3,1
77688,3310,4275,-965,-22.57309942,22.57309942,1,5,6,0,1
77801,47212.22222,47427.11111,-214.8888889,-0.453092933,0.453092933,3,1,6,4,1
77856,9113.333333,6705.666667,2407.666667,35.90495601,35.90495601,2,4,6,2,1
77873,33005,35955,-2950,-8.20470032,8.20470032,1,1,6,1,1
77877,1100,1159.72,-59.72,-5.149518849,5.149518849,1,5,6,2,1
77895,9410,12392.5,-2982.5,-24.06697599,24.06697599,12,3,6,3,3
77975,9640,10743.5,-1103.5,-10.27132685,10.27132685,1,3,6,1,1
78041,15255,16125,-870,-5.395348837,5.395348837,2,4,6,4,1
78043,31410,37127,-5717,-15.39849705,15.39849705,1,1,6,2,1
78044,3130,3152,-22,-0.697969543,0.697969543,1,5,6,2,1
78245,16583,17600,-1017,-5.778409091,5.778409091,1,1,6,1,1
78248,7860,12797.5,-4937.5,-38.58175425,38.58175425,1,1.5,6,1,1
78267,18220,14025,4195,29.91087344,29.91087344,2,3,6,3,1
78277,23637.5,31658,-8020.5,-25.33482848,25.33482848,1,3,6,4,1
78278,12630,12987,-357,-2.748902749,2.748902749,2,3,6,4,1
78295,47730,50775.54545,-3045.545455,-5.998055614,5.998055614,11,2.454545455,6,1,2
78300,9406.666667,9149.333333,257.3333333,2.812591081,2.812591081,2,3.666666667,6,5,1
78425,42680,52406.5,-9726.5,-18.55972065,18.55972065,1,1,6,4,1
78483,22670,29632.77667,-6962.776667,-23.49687559,23.49687559,1,3,6,2,1
78898,1150,1876.5,-726.5,-38.71569411,38.71569411,1,4,6,3,1
79014,16465,17340,-875,-5.046136101,5.046136101,2,3,6,4,1
79016,29010,34983.33333,-5973.333333,-17.07479752,17.07479752,2,3,6,4,1
79029,11390,12310.2825,-920.2825,-7.475722023,7.475722023,12,3.55,6,2,3
79078,76022.85714,73880.72381,2142.133333,2.899448223,2.899448223,12,1.857142857,6,0,3
79175,29086.66667,29491.66667,-405,-1.373269285,1.373269285,12,1,6,3,3
79258,11415,11194.25,220.75,1.971994551,1.971994551,2,4,6,2,1
79352,19307.5,20209.58375,-902.08375,-4.463643394,4.463643394,1,2,6,1,1
79357,51348.7,57989.333,-6640.633,-11.45147333,11.45147333,11.1,2,6,1.1,2
79400,11350,13000,-1650,-12.69230769,12.69230769,12,3,6,0,3
79449,6659.166667,6937.778333,-278.6116667,-4.015862907,4.015862907,1,3.416666667,6,3,1
79453,26110,27278.09571,-1168.095714,-4.282174704,4.282174704,1,3.571428571,6,2,1
79455,8263.333333,8262.501667,0.831666667,0.010065555,0.010065555,1,3,6,1,1
79489,9520,10815,-1295,-11.97411003,11.97411003,1,3,6,3,1
79535,37760,48261.5,-10501.5,-21.75958062,21.75958062,1,1,6,3,1
79559,1480,2530,-1050,-41.50197628,41.50197628,1,5,6,2,1
79601,15599.375,20187.8125,-4588.4375,-22.72875033,22.72875033,12,3.4375,6,3,3
79608,58200,57778.71429,421.2857143,0.729136533,0.729136533,1,1.857142857,6,2,1
79745,11530,11894.375,-364.375,-3.063422836,3.063422836,1,3,6,2,1
79748,10715,12046.875,-1331.875,-11.05577173,11.05577173,1,3,6,2,1
79853,48555,47883.33333,671.6666667,1.402714932,1.402714932,1,1,6,1,1
79855,2960,2960,0,0,0,1,3,6,2,1
79944,28993.33333,48853,-19859.66667,-40.65188764,40.65188764,1,1,6,3,1
79951,74937.5,85665.0625,-10727.5625,-12.52268099,12.52268099,1,1.75,6,1,1
80005,85880,104220,-18340,-17.59739014,17.59739014,1,1,6,3,1
80030,48720,62781,-14061,-22.39690352,22.39690352,12,1,6,2,3
80057,830,802,28,3.49127182,3.49127182,1,5,6,4,1
80059,14390,15294,-904,-5.910814699,5.910814699,1,3,6,4,1
80065,30680,29708.33,971.67,3.270698824,3.270698824,1,1,6,1,1
80096,7338,9488.5,-2150.5,-22.66427781,22.66427781,2,3.8,6,4,1
80102,49363.75,51636.75,-2273,-4.401903683,4.401903683,11,1.75,6,2,2
80114,1180,1583,-403,-25.45799116,25.45799116,1,5,6,4,1
80119,48410,46039,2371,5.149981537,5.149981537,1,1,6,3,1
80122,1900,1700,200,11.76470588,11.76470588,12,5,6,0,3
80130,28863,35380,-6517,-18.42001131,18.42001131,1,1,6,2,1
80139,1910,1779,131,7.363687465,7.363687465,1,5,6,3,1
80141,4040,3735,305,8.165997323,8.165997323,1,5,6,4,1
80142,1170,2387.5,-1217.5,-50.9947644,50.9947644,1,5,6,4,1
80145,7200,6991,209,2.989558003,2.989558003,1,4,6,3,1
80168,8726.666667,10206.66667,-1480,-14.50032658,14.50032658,1,4,6,2,1
80169,16940,17844.165,-904.165,-5.067006498,5.067006498,1,4,6,3,1
80170,797.5,981.2475,-183.7475,-18.72590758,18.72590758,1,5,6,1,1
80171,690,595,95,15.96638655,15.96638655,1,5,6,3,1
80172,2917.142857,3972.381429,-1055.238571,-26.56438186,26.56438186,1,4.571428571,6,1,1
80173,3866.25,4053.75,-187.5,-4.625346901,4.625346901,1,4,6,2,1
80174,2570,2783.64375,-213.64375,-7.674967388,7.674967388,1,5,6,2,1
80175,1730,1986.666667,-256.6666667,-12.91946309,12.91946309,1,5,6,3,1
80176,6000,7010,-1010,-14.40798859,14.40798859,1,3,6,2,1
80177,6275,8315,-2040,-24.53397474,24.53397474,1,3.5,6,3,1
80178,2710,3184.58,-474.58,-14.90243611,14.90243611,1,4,6,2,1
80179,3436.666667,3233.333333,203.3333333,6.288659794,6.288659794,1,4.333333333,6,3,1
80181,4293.333333,5114.72,-821.3866667,-16.05926945,16.05926945,1,5,6,2,1
80182,7076.666667,8383.333333,-1306.666667,-15.58648111,15.58648111,1,5,6,2,1
80183,3860,4085,-225,-5.507955936,5.507955936,1,4.5,6,3,1
80196,9580,9709,-129,-1.328664126,1.328664126,1,4,6,0,1
80197,3220,3130,90,2.875399361,2.875399361,1,4,6,5,1
80198,1150,2080,-930,-44.71153846,44.71153846,1,5,6,5,1
80209,1150,1876.5,-726.5,-38.71569411,38.71569411,1,4,6,3,1
80217,7070,9434.5,-2364.5,-25.06227145,25.06227145,2,4,6,5,1
80395,17340,19430,-2090,-10.75656202,10.75656202,1,1,6,2,1
80491,18140,18932.25,-792.25,-4.184658453,4.184658453,2,3,6,1,1
80605,8880,9975,-1095,-10.97744361,10.97744361,1,4,6,2,1
80613,2670,4057,-1387,-34.18782351,34.18782351,1,5,6,3,1
80619,134080,139632.25,-5552.25,-3.976337845,3.976337845,1,1,6,2,1
80791,15990,17660,-1670,-9.456398641,9.456398641,1,4,6,2,1
80810,31025.83333,31799.58333,-773.75,-2.433207982,2.433207982,12,2.75,6,0,3
80931,172000,171196.67,803.33,0.46924394,0.46924394,1,1,6,1,1
80963,11910,12866.25,-956.25,-7.4322355,7.4322355,2,3,6,3,1
80993,6990,10200,-3210,-31.47058824,31.47058824,3,4,6,3,1
81137,9193.333333,14046.66667,-4853.333333,-34.55149502,34.55149502,2,3.666666667,6,0,1
81147,80463.57143,100054.7629,-19591.19143,-19.5804686,19.5804686,1,1,6,2,1
81162,3510,4665,-1155,-24.75884244,24.75884244,1,5,6,2,1
81215,1690,1507,183,12.14333112,12.14333112,12,5,6,5,3
81243,7862.5,8958.625,-1096.125,-12.23541559,12.23541559,1,4,6,2,1
81269,6460,6470,-10,-0.154559505,0.154559505,1,3,6,1,1
81300,7032.5,9594.375,-2561.875,-26.70184353,26.70184353,1,3.5,6,1,1
81328,3150,2989,161,5.386416862,5.386416862,1,5,6,3,1
81338,21706.66667,20678.53333,1028.133333,4.971983829,4.971983829,1,3.6,6,5,1
81359,124000,124260,-260,-0.209238693,0.209238693,1,1,6,1,1
81405,17433.33333,18153.33333,-720,-3.966213735,3.966213735,1,4,6,2,1
81485,15130,17270,-2140,-12.39143023,12.39143023,1,3,6,1,1
81486,10640,10636.67,3.33,0.031306791,0.031306791,1,1,6,1,1
81504,10765,10643.5,121.5,1.141541786,1.141541786,1,3,6,1,1
81539,7380,7078.333333,301.6666667,4.261831881,4.261831881,7,3,6,2,2
81587,4270,4731,-461,-9.744240118,9.744240118,1,3,6,1,1
81725,36900,35402.5,1497.5,4.229927265,4.229927265,1,1,6,5,1
81796,38208.33333,37287,921.3333333,2.470923736,2.470923736,11,1.666666667,6,3,2
81797,14700,23929.75,-9229.75,-38.57018983,38.57018983,2,3,6,1,1
81899,29010,32983.5,-3973.5,-12.04693256,12.04693256,2,3,6,3,1
81918,5680,5531,149,2.693907069,2.693907069,1,5,6,2,1
81934,4570,3660,910,24.86338798,24.86338798,1,4,6,1,1
81935,12260,12256.5,3.5,0.028556276,0.028556276,1,3,6,1,1
81937,14140,14144,-4,-0.028280543,0.028280543,1,3,6,1,1
81940,9165,8680,485,5.587557604,5.587557604,1,4,6,2,1
82030,25150,27260,-2110,-7.740278797,7.740278797,1,3.5,6,2,1
82035,4830,4996.665,-166.665,-3.335524795,3.335524795,1,4,6,2,1
82040,5075,4595,480,10.44613711,10.44613711,1,4.25,6,1,1
82131,3658.333333,3993.166667,-334.8333333,-8.385157978,8.385157978,1,4.083333333,6,3,1
82154,10195,11878.75,-1683.75,-14.17447122,14.17447122,2,3,6,0,1
82249,87690,86005,1685,1.959188419,1.959188419,2,1,6,2,1
82275,4630,4720,-90,-1.906779661,1.906779661,1,4,6,2,1
82277,7090,9008.5,-1918.5,-21.29655326,21.29655326,1,3,6,3,1
82298,8795,11272.875,-2477.875,-21.98086114,21.98086114,1,3.75,6,2,1
82315,8221,8665.334,-444.334,-5.127719255,5.127719255,1,3.5,6,2,1
82485,7580,8401.5,-821.5,-9.778015831,9.778015831,2,5,6,2,1
82505,26988.33333,29519.5,-2531.166667,-8.57455806,8.57455806,1,3,6,3,1
82506,29920,28870.33333,1049.666667,3.635796839,3.635796839,1,3,6,2,1
82507,22895,22587,308,1.363616239,1.363616239,1,3,6,2,1
82606,17290,20763,-3473,-16.72686991,16.72686991,2,3,6,4,1
82625,48555,51502,-2947,-5.722107879,5.722107879,12,1,6,2,3
82632,15507.5,13852,1655.5,11.95134277,11.95134277,2,3.5,6,6,1
82689,5942,6677.8,-735.8,-11.01859894,11.01859894,2,4.2,6,2,1
82757,10875,13459,-2584,-19.19904896,19.19904896,11,3,6,4,2
82771,3285,3340,-55,-1.646706587,1.646706587,1,3,6,2,1
82772,5450,5325,125,2.34741784,2.34741784,1,4,6,1,1
82773,9910,10778.3325,-868.3325,-8.05627865,8.05627865,1,3.75,6,2,1
82774,1920,2365,-445,-18.81606765,18.81606765,1,4,6,2,1
82812,1230,1232.5,-2.5,-0.202839757,0.202839757,1,5,6,2,1
82824,19070,19585.5,-515.5,-2.63204922,2.63204922,1,3,6,2,1
82826,250,249.17,0.83,0.333105912,0.333105912,12,5,6,2,3
82838,446,550,-104,-18.90909091,18.90909091,12,5,6,2,3
82961,36350,50436.25,-14086.25,-27.92882104,27.92882104,1,1,6,2,1
83044,110775,117799.4167,-7024.416667,-5.963031792,5.963031792,1,1,6,1,1
83079,25190,22414.25,2775.75,12.38386294,12.38386294,2,3,6,4,1
83138,10012,9828.05,183.95,1.871683599,1.871683599,1,3,6,3,1
83203,6720,7270,-550,-7.565337001,7.565337001,2,4,6,6,1
83239,42360,42365,-5,-0.011802195,0.011802195,1,1,6,1,1
83245,58012.5,57314.375,698.125,1.218062659,1.218062659,11,1,6,3,2
83273,71457.77778,88754.44444,-17296.66667,-19.48822594,19.48822594,1,1,6,1,1
83301,72326.66667,95145.55556,-22818.88889,-23.98313695,23.98313695,1,1,6,3,1
83310,12380,12380,0,0,0,1,4,6,1.5,1
83359,6925,7748,-823,-10.62209602,10.62209602,1,4,6,1,1
83388,56270,67126,-10856,-16.17257099,16.17257099,1,1,6,2,1
83406,1185,1441.25,-256.25,-17.77970512,17.77970512,1,5,6,1,1
83410,693.3333333,789.4466667,-96.11333333,-12.1747722,12.1747722,1,6,6,1,1
83414,1326.666667,1810.276667,-483.61,-26.71470107,26.71470107,1,5,6,1,1
83415,1070,1246.39,-176.39,-14.15207118,14.15207118,1,5,6,1,1
83417,17730,19785.83,-2055.83,-10.39041577,10.39041577,1,3,6,1,1
83418,3376.666667,3153.333333,223.3333333,7.082452431,7.082452431,1,5,6,1,1
83426,2620,2560,60,2.34375,2.34375,1,4,6,2,1
83443,3140,3036,104,3.425559947,3.425559947,1,5,6,3,1
83444,1370,1452,-82,-5.64738292,5.64738292,1,5,6,3,1
83445,2860,2860,0,0,0,1,3,6,0,1
83446,19610,19609,1,0.005099699,0.005099699,1,3,6,0,1
83449,52020,52024.5,-4.5,-0.008649771,0.008649771,1,1,6,2,1
83456,20170,19485.25,684.75,3.514196636,3.514196636,3,4,6,3,1
83481,11470,12660,-1190,-9.399684044,9.399684044,1,3,6,0,1
83489,73371,72520,851,1.173469388,1.173469388,1,1,6,3,1
83500,128265,135067,-6802,-5.036019161,5.036019161,2,1,6,4,1
83540,2010,2647,-637,-24.06497922,24.06497922,1,5,6,5,1
83548,24000,26971,-2971,-11.0155352,11.0155352,2,3,6,6,1
83555,15530,15940,-410,-2.572145546,2.572145546,1,3,6,4,1
83560,21575,25114.33333,-3539.333333,-14.09288189,14.09288189,11,4,6,1,2
83571,25005,31058,-6053,-19.48934252,19.48934252,2,3,6,5,1
83620,51870,64368.25,-12498.25,-19.41679322,19.41679322,1,1,6,1,1
83621,6000,8600,-2600,-30.23255814,30.23255814,1,4,6,2,1
83652,2050,2175,-125,-5.747126437,5.747126437,1,5,6,2,1
83653,12310,12015.5,294.5,2.451000791,2.451000791,1,3,6,1,1
83655,3550,3549,1,0.028176951,0.028176951,1,3,6,1,1
83663,53400,53401.66667,-1.666666667,-0.003121001,0.003121001,1,1,6,3,1
83667,3855,4720.75,-865.75,-18.33924694,18.33924694,2,4.5,6,3,1
83709,2510,3800,-1290,-33.94736842,33.94736842,12,5,6,2,3
83827,1190,930,260,27.95698925,27.95698925,12,5,6,2,3
83883,116762,117200,-438,-0.373720137,0.373720137,12,1.6,6,1,3
83901,62680,68760,-6080,-8.842350204,8.842350204,1,1,6,1,1
83907,720,826.67,-106.67,-12.903577,12.903577,1,6,6,4,1
83923,1840,1836,4,0.217864924,0.217864924,1,5,6,2,1
83964,72930,84068,-11138,-13.24879859,13.24879859,1,1,6,3,1
83965,59640,64360.83,-4720.83,-7.334942697,7.334942697,1,1,6,1,1
84096,141060,161933.5,-20873.5,-12.89016788,12.89016788,1,1,6,1,1
84280,6325,8574.5,-2249.5,-26.23476588,26.23476588,1,4,6,2,1
84353,6000,6672,-672,-10.07194245,10.07194245,1,4,6,1,1
84425,119783.3333,131093.6667,-11310.33333,-8.627673343,8.627673343,11,1,6,3,2
84435,8985,9701.75,-716.75,-7.3878424,7.3878424,2,4,6,2,1
84483,121010,139230,-18220,-13.08626015,13.08626015,1,1,6,2,1
84497,141576.6667,165091.5,-23514.83333,-14.24351546,14.24351546,1,1,6,2,1
84506,100530,122976.6667,-22446.66667,-18.25278508,18.25278508,11,1,6,4,2
84521,4016.25,4564.1675,-547.9175,-12.00476319,12.00476319,1,4.75,6,2,1
84527,12802,13330,-528,-3.960990248,3.960990248,1,4,6,2,1
84555,22240,19400,2840,14.63917526,14.63917526,2,3,6,2,1
84556,15080,18350,-3270,-17.82016349,17.82016349,2,3,6,5,1
84557,27620,32912.75,-5292.75,-16.08115396,16.08115396,11,2.25,6,4,2
84604,2180,2290,-110,-4.80349345,4.80349345,1,5,6,0,1
84629,62090,63820,-1730,-2.710748982,2.710748982,1,1,6,5,1
84699,28735,28204.6875,530.3125,1.880228242,1.880228242,11,2.5,6,5,2
84700,28023.33333,27196.94444,826.3888889,3.038535783,3.038535783,11,3.222222222,6,5,2
84749,370,522,-152,-29.11877395,29.11877395,1,6,6,2,1
84750,8060,7600,460,6.052631579,6.052631579,12,3,6,0,3
84778,2360,2530,-170,-6.719367589,6.719367589,1,5,6,2,1
84964,8800,4030,4770,118.3622829,118.3622829,1,4,6,5,1
85052,6541.5,6027.5,514,8.527581916,8.527581916,1,3,6,2,1
85114,45330,54596.335,-9266.335,-16.97244879,16.97244879,2,1,6,2,1
85121,16968,17765.6,-797.6,-4.489575359,4.489575359,2,4,6,0,1
85162,23993,25891.2,-1898.2,-7.331448523,7.331448523,3,2.8,6,5,1
85200,5093.333333,4696,397.3333333,8.461101647,8.461101647,2,5,6,2,1
85201,14885,12046,2839,23.56798937,23.56798937,2,3,6,2,1
85206,81565,89804,-8239,-9.174424302,9.174424302,1,2,6,1,1
85220,60970,62282,-1312,-2.106547638,2.106547638,1,1,6,2,1
85240,59911.33333,62041,-2129.666667,-3.432676241,3.432676241,1,1,6,1,1
85276,58830,58650,180,0.306905371,0.306905371,1,1,6,1,1
85296,13100,11638,1462,12.56229593,12.56229593,2,3,6,4,1
85331,960,832,128,15.38461538,15.38461538,2,6,6,1,1
85347,96110,107450,-11340,-10.55374593,10.55374593,1,1,6,0,1
85894,3260,3606,-346,-9.595119246,9.595119246,1,5,6,5,1
86215,119000,148840,-29840,-20.04837409,20.04837409,1,1,6,1,1
86254,12280,12280,0,0,0,1,4,6,0,1
86367,10520,9630.8,889.2,9.23287785,9.23287785,1,3,6,2,1
86369,3607.5,4357.5,-750,-17.21170396,17.21170396,2,3.5,6,1,1
86653,38826.66667,29892.22,8934.446667,29.88886963,29.88886963,2,1.666666667,6,1,1
86712,1310,1224,86,7.026143791,7.026143791,1,5,6,2,1
86718,4075,4041.665,33.335,0.824783845,0.824783845,1,4.5,6,2,1
86721,1500,1498.335,1.665,0.111123347,0.111123347,1,5,6,2,1
86724,1050,1050,0,0,0,1,5,6,2,1
86769,2990,2990,0,0,0,1,3,6,0,1
86794,22023.33333,21036.66667,986.6666667,4.690223419,4.690223419,2,3.666666667,6,2,1
86797,19060,22547.5,-3487.5,-15.46734671,15.46734671,1,3,6,5,1
86816,3806.666667,3807.223333,-0.556666667,-0.014621329,0.014621329,1,3,6,1,1
86824,88165,86382,1783,2.064087426,2.064087426,1,1,6,5,1
86867,17780,15110,2670,17.67041694,17.67041694,2,4,6,2,1
86920,24645,25848,-1203,-4.654131848,4.654131848,1,3,6,6,1
86944,1846,2190,-344,-15.70776256,15.70776256,1,5,6,3,1
86979,114580,111862,2718,2.42977955,2.42977955,1,1,6,5,1
87025,13053.33333,13166.66667,-113.3333333,-0.860759494,0.860759494,1,1,6,0,1
87093,6818,7596.25,-778.25,-10.24518677,10.24518677,1,5,6,2,1
87130,34930,36190,-1260,-3.481624758,3.481624758,1,1,6,2,1
87206,1840,1836,4,0.217864924,0.217864924,1,5,6,2,1
87230,1520,1646.5,-126.5,-7.682963863,7.682963863,1,5,6,4,1
87349,70890,75090,-4200,-5.593288054,5.593288054,1,1,6,0,1
87437,4970,4478,492,10.98704779,10.98704779,1,4,6,3,1
87441,2230,2237,-7,-0.312919088,0.312919088,1,5,6,3,1
87525,14950,16730.5,-1780.5,-10.64224022,10.64224022,1,3,6,1,1
87762,15360,16548,-1188,-7.179115301,7.179115301,1,4,6,4,1
87920,47672,48284,-612,-1.267500621,1.267500621,1,1,6,2,1
87941,77380,77379,1,0.00129234,0.00129234,1,1,6,5,1
87943,82670,97721,-15051,-15.40201185,15.40201185,1,1,6,5,1
88004,8380,9934.5,-1554.5,-15.64749107,15.64749107,1,4,6,2,1
88049,9964.545455,9712.545455,252,2.594582452,2.594582452,2,3.181818182,6,1,1
88085,67100,67339,-239,-0.354920625,0.354920625,1,1,6,5,1
88346,12090,12735.5,-645.5,-5.068509285,5.068509285,1,3,6,1,1
88393,11860,13100,-1240,-9.465648855,9.465648855,1,3.5,6,4,1
88407,22036,22657.95,-621.95,-2.744952655,2.744952655,12,2.7,6,5,3
88547,76020,86093.5,-10073.5,-11.70065104,11.70065104,1,1,6,1,1
88591,107760,120850,-13090,-10.83160943,10.83160943,1,1,6,2,1
8864,23500,29200,-5700,-19.52054795,19.52054795,1,8,5,5,1
8865,23000,29100,-6100,-20.96219931,20.96219931,12,8,5,4,3
88655,9950,9450,500,5.291005291,5.291005291,1,3,6,1,1
8866,19800,24100,-4300,-17.84232365,17.84232365,12,8,5,3,3
88662,5930,6420,-490,-7.632398754,7.632398754,1,4,6,1,1
8867,41000,47700,-6700,-14.04612159,14.04612159,1,8,5,5,1
8868,16600,30100,-13500,-44.85049834,44.85049834,1,8,4,5,1
88682,1050,1045,5,0.4784689,0.4784689,1,5,6,2,1
8869,33000,39200,-6200,-15.81632653,15.81632653,1,8,5,4,1
8870,23000,30300,-7300,-24.09240924,24.09240924,1,8,5,4,1
8871,41000,37400,3600,9.625668449,9.625668449,12,8,5,4,3
8872,24500,25500,-1000,-3.921568627,3.921568627,12,8,5,4,3
8873,15100,23900,-8800,-36.82008368,36.82008368,12,8,5,4,3
88739,11560,15099.78571,-3539.785714,-23.44262218,23.44262218,2,3,6,4,1
8874,9000,15600,-6600,-42.30769231,42.30769231,1,8,5,5,1
8875,50500,61700,-11200,-18.15235008,18.15235008,1,8,5,3,1
88754,23210,23216,-6,-0.025844245,0.025844245,1,3,6,2,1
88759,920,1800,-880,-48.88888889,48.88888889,12,5,6,1,3
8876,3300,3700,-400,-10.81081081,10.81081081,12,8,5,5,3
88768,2370,2300,70,3.043478261,3.043478261,12,5,6,0,3
8877,41000,42900,-1900,-4.428904429,4.428904429,12,8,4,3,3
88771,42120,42115,5,0.011872255,0.011872255,1,1,6,5,1
88775,11440,19860,-8420,-42.39677744,42.39677744,1,3,6,6,1
8878,17100,22400,-5300,-23.66071429,23.66071429,1,8,5,2,1
8879,17900,18800,-900,-4.787234043,4.787234043,1,8,5,2,1
8880,17200,16400,800,4.87804878,4.87804878,1,8,5,2,1
8881,14100,15400,-1300,-8.441558442,8.441558442,1,8,5,2,1
88815,2120,2160,-40,-1.851851852,1.851851852,1,5,6,3,1
8882,40000,36500,3500,9.589041096,9.589041096,1,8,5,4,1
8883,5900,9900,-4000,-40.4040404,40.4040404,1,8,5,4,1
8884,17300,14600,2700,18.49315068,18.49315068,1,8,5,5,1
8885,22000,23300,-1300,-5.579399142,5.579399142,1,8,5,5,1
88859,7400,7410,-10,-0.134952767,0.134952767,1,5,6,4,1
8886,7000,9500,-2500,-26.31578947,26.31578947,1,8,5,4,1
8887,5900,7600,-1700,-22.36842105,22.36842105,12,8,5,4,3
8888,10600,14600,-4000,-27.39726027,27.39726027,12,8,5,4,3
8889,8200,9400,-1200,-12.76595745,12.76595745,1,8,5,2,1
8890,5100,5800,-700,-12.06896552,12.06896552,3,8,5,1,1
8891,16100,30800,-14700,-47.72727273,47.72727273,1,8,5,5,1
8892,51515,31100,20415,65.64308682,65.64308682,3,8,5,3,1
8893,20400,30100,-9700,-32.22591362,32.22591362,1,8,4,5,1
8894,19200,25400,-6200,-24.40944882,24.40944882,12,8,4,5,3
8895,19500,33100,-13600,-41.08761329,41.08761329,3,8,5,6,1
8896,21000,25300,-4300,-16.99604743,16.99604743,12,8,2,4,3
8897,42000,50500,-8500,-16.83168317,16.83168317,3,8,5,6,1
8898,22000,23400,-1400,-5.982905983,5.982905983,1,8,5,3,1
8899,22000,27400,-5400,-19.7080292,19.7080292,1,8,5,3,1
8900,28000,33300,-5300,-15.91591592,15.91591592,1,8,5,4,1
8901,35000,39000,-4000,-10.25641026,10.25641026,1,8,5,4,1
8902,12900,22600,-9700,-42.92035398,42.92035398,1,8,5,6,1
8903,1650,2900,-1250,-43.10344828,43.10344828,1,8,5,3,1
8904,37000,43200,-6200,-14.35185185,14.35185185,1,8,5,5,1
8905,39500,45300,-5800,-12.80353201,12.80353201,1,8,5,1,1
8906,34000,34900,-900,-2.578796562,2.578796562,12,8,5,4,3
8907,19500,31900,-12400,-38.87147335,38.87147335,3,8,5,6,1
8908,23500,31500,-8000,-25.3968254,25.3968254,12,8,5,3,3
8909,7100,17200,-10100,-58.72093023,58.72093023,3,8,5,6,1
8910,17100,25100,-8000,-31.87250996,31.87250996,3,8,5,6,1
8911,11200,19700,-8500,-43.14720812,43.14720812,3,8,5,6,1
8912,31500,42000,-10500,-25,25,1,8,4,4,1
8913,46000,56300,-10300,-18.29484902,18.29484902,1,8,5,4,1
8914,45500,51800,-6300,-12.16216216,12.16216216,1,8,5,4,1
8915,23500,31700,-8200,-25.86750789,25.86750789,1,8,4,4,1
8916,50000,48900,1100,2.249488753,2.249488753,1,8,4,3,1
8917,14600,21500,-6900,-32.09302326,32.09302326,1,8,5,4,1
89171,16360,17163,-803,-4.67866923,4.67866923,1,1,6,2,1
8918,40000,47000,-7000,-14.89361702,14.89361702,1,8,4,5,1
8919,17300,20100,-2800,-13.93034826,13.93034826,1,8,1,3,1
89193,5810,5808,2,0.034435262,0.034435262,1,5,6,4,1
8920,44500,51000,-6500,-12.74509804,12.74509804,1,8,1,4,1
8921,63000,72000,-9000,-12.5,12.5,12,8,4,4,3
8922,46000,50400,-4400,-8.73015873,8.73015873,12,8,4,4,3
8923,36500,41500,-5000,-12.04819277,12.04819277,12,8,4,4,3
89230,14040,12624,1416,11.21673004,11.21673004,1,3,6,4,1
8924,22200,27300,-5100,-18.68131868,18.68131868,12,8,4,4,3
8925,48500,56100,-7600,-13.54723708,13.54723708,12,8,4,2,3
8926,78000,74000,4000,5.405405405,5.405405405,12,8,5,2,3
8927,49000,69500,-20500,-29.49640288,29.49640288,1,8,5,4,1
8928,36500,43500,-7000,-16.09195402,16.09195402,12,8,5,3,3
8929,37500,38800,-1300,-3.350515464,3.350515464,12,8,5,5,3
8930,28000,39500,-11500,-29.11392405,29.11392405,12,8,5,2,3
8931,50000,55000,-5000,-9.090909091,9.090909091,12,8,5,3,3
8932,54500,56300,-1800,-3.197158082,3.197158082,12,8,5,3,3
8933,36500,43000,-6500,-15.11627907,15.11627907,12,8,5,3,3
8934,50500,53800,-3300,-6.133828996,6.133828996,12,8,5,2,3
8935,173372,197400,-24028,-12.17223911,12.17223911,12,8,5,0,3
8936,47500,53500,-6000,-11.21495327,11.21495327,12,8,5,3,3
8937,181062,196600,-15538,-7.90335707,7.90335707,12,8,5,3,3
8938,28500,44100,-15600,-35.37414966,35.37414966,12,8,1,4,3
8939,41500,42000,-500,-1.19047619,1.19047619,12,8,1,5,3
8940,25500,25000,500,2,2,12,8,1,3,3
8941,11900,16200,-4300,-26.54320988,26.54320988,12,8,1,4,3
8942,5100,4200,900,21.42857143,21.42857143,1,8,4,3,1
8943,38500,41600,-3100,-7.451923077,7.451923077,1,8,5,3,1
8944,37500,38000,-500,-1.315789474,1.315789474,1,8,5,3,1
8945,221000,230500,-9500,-4.121475054,4.121475054,12,8,6,4,3
8946,204150,209700,-5550,-2.646638054,2.646638054,12,8,6,4,3
8947,15500,15400,100,0.649350649,0.649350649,12,8,6,4,3
89470,2700,2686,14,0.521221147,0.521221147,7,3,6,3,2
8948,18000,13700,4300,31.38686131,31.38686131,3,8,5,4,1
8949,13500,14200,-700,-4.929577465,4.929577465,3,8,5,4,1
8950,14000,17900,-3900,-21.7877095,21.7877095,12,8,5,4,3
89505,22970,15230,7740,50.82074852,50.82074852,1,4,6,2,1
89506,6496,6496,0,0,0,1,3.8,6,2,1
8951,46000,51300,-5300,-10.33138402,10.33138402,1,8,5,2,1
8952,16000,18500,-2500,-13.51351351,13.51351351,1,8,5,2,1
8953,17000,20100,-3100,-15.42288557,15.42288557,1,8,5,2,1
8954,31500,37000,-5500,-14.86486486,14.86486486,1,8,1,4,1
8955,43000,43500,-500,-1.149425287,1.149425287,12,8,1,4,3
8956,2321,3100,-779,-25.12903226,25.12903226,1,8,5,3,1
8957,2321,14000,-11679,-83.42142857,83.42142857,1,8,5,3,1
8958,47000,45800,1200,2.620087336,2.620087336,12,8,5,4,3
8959,11000,12000,-1000,-8.333333333,8.333333333,1,8,5,2,1
8960,24000,25200,-1200,-4.761904762,4.761904762,1,8,5,2,1
8961,9800,12200,-2400,-19.67213115,19.67213115,1,8,5,2,1
8962,29000,35800,-6800,-18.99441341,18.99441341,12,8,5,4,3
8963,30000,36700,-6700,-18.25613079,18.25613079,12,8,5,4,3
8964,56500,54300,2200,4.051565378,4.051565378,12,8,5,2,3
8965,43000,51400,-8400,-16.34241245,16.34241245,12,8,5,2,3
8966,7300,9000,-1700,-18.88888889,18.88888889,1,8,5,1,1
8967,16800,20500,-3700,-18.04878049,18.04878049,1,8,5,3,1
8968,21500,29500,-8000,-27.11864407,27.11864407,1,8,5,3,1
8969,14400,11800,2600,22.03389831,22.03389831,1,8,1,4,1
8970,16900,13000,3900,30,30,12,8,5,4,3
8971,40500,41500,-1000,-2.409638554,2.409638554,1,8,5,3,1
8972,52000,60500,-8500,-14.04958678,14.04958678,1,8,5,3,1
8973,32500,30700,1800,5.863192182,5.863192182,12,8,5,4,3
8974,10000,11000,-1000,-9.090909091,9.090909091,12,8,5,4,3
8975,5299,8100,-2801,-34.58024691,34.58024691,12,8,5,4,3
8976,3300,6400,-3100,-48.4375,48.4375,12,8,5,4,3
8977,50500,53600,-3100,-5.78358209,5.78358209,2,8,5,3,1
8978,23500,26700,-3200,-11.98501873,11.98501873,1,8,4,3,1
8979,32500,33200,-700,-2.108433735,2.108433735,1,8,4,2,1
8980,10000,10800,-800,-7.407407407,7.407407407,1,8,4,2,1
8981,34500,30900,3600,11.65048544,11.65048544,1,8,4,3,1
8982,14500,16700,-2200,-13.17365269,13.17365269,1,8,4,3,1
8983,13500,16100,-2600,-16.14906832,16.14906832,1,8,4,3,1
8984,16500,16300,200,1.226993865,1.226993865,1,8,4,3,1
8985,14500,15800,-1300,-8.227848101,8.227848101,1,8,4,3,1
8986,30500,32200,-1700,-5.279503106,5.279503106,1,8,4,3,1
8987,51000,48600,2400,4.938271605,4.938271605,12,8,5,3,3
8988,29000,35300,-6300,-17.8470255,17.8470255,12,8,5,3,3
8989,3600,6700,-3100,-46.26865672,46.26865672,1,8,4,2,1
8990,9000,10500,-1500,-14.28571429,14.28571429,1,8,6,3,1
89905,24790,35375.83333,-10585.83333,-29.92391228,29.92391228,2,3,6,6,1
8991,9000,14500,-5500,-37.93103448,37.93103448,1,8,6,3,1
8992,19100,30300,-11200,-36.96369637,36.96369637,1,8,5,1,1
8993,75000,72200,2800,3.878116343,3.878116343,12,8,4,3,3
8994,59000,57900,1100,1.899827288,1.899827288,1,8,4,3,1
8995,57500,57700,-200,-0.346620451,0.346620451,2,8,2,2,1
8996,221000,231000,-10000,-4.329004329,4.329004329,12,8,4,2,3
8997,204150,210000,-5850,-2.785714286,2.785714286,12,8,4,2,3
8998,54500,52800,1700,3.21969697,3.21969697,6,8,4,2,1
8999,28000,33200,-5200,-15.6626506,15.6626506,6,8,4,2,1
9000,13000,12200,800,6.557377049,6.557377049,1,8,1,2,1
9001,7300,14800,-7500,-50.67567568,50.67567568,2,8,5,2,1
9002,9600,11200,-1600,-14.28571429,14.28571429,2,8,5,2,1
9003,7100,9300,-2200,-23.65591398,23.65591398,3,8,6,2,1
9004,45693,45400,293,0.645374449,0.645374449,2,8,5,1,1
9005,5400,5700,-300,-5.263157895,5.263157895,12,8,4,0,3
9006,22500,21900,600,2.739726027,2.739726027,1,8,5,1,1
90112,87560,107862,-20302,-18.82219874,18.82219874,1,1,6,5,1
90120,68640,68635,5,0.007284913,0.007284913,1,1,6,5,1
90351,9660,9656,4,0.041425021,0.041425021,1,4,6,2,1
90357,4060,3560,500,14.04494382,14.04494382,1,5,6,2,1
90359,960,1138,-178,-15.64147627,15.64147627,1,5,6,2,1
90423,9740,11000,-1260,-11.45454545,11.45454545,12,3,6,1,3
90434,11685,14340.8325,-2655.8325,-18.51937466,18.51937466,1,1.5,6,2,1
90540,2730,2600,130,5,5,12,3,6,1,3
90598,65750,65892,-142,-0.215504158,0.215504158,1,1,6,3,1
90726,36900,34033.5,2866.5,8.422583631,8.422583631,1,2,6,1,1
90771,22050,22057.5,-7.5,-0.03400204,0.03400204,1,3,6,2,1
90991,2205,2353.75,-148.75,-6.319702602,6.319702602,2,5,6,4,1
91451,2439,2808.33,-369.33,-13.15123223,13.15123223,12,3,6,2,3
91527,10641,11000,-359,-3.263636364,3.263636364,12,3,6,1,3
91544,13175,13576,-401,-2.953741897,2.953741897,2,3,6,1,1
91588,46120,49580,-3460,-6.978620411,6.978620411,1,1,6,1,1
91661,5812.5,6631.25,-818.75,-12.3468426,12.3468426,2,4.5,6,0,1
92023,7600,7592,8,0.105374078,0.105374078,1,3,6,4,1
92207,8050,7957,93,1.168782204,1.168782204,1,5,6,4,1
92262,4980,4980,0,0,0,1,4,6,2,1
92406,530,1700,-1170,-68.82352941,68.82352941,12,5,6,2,3
92552,34670,26956.5,7713.5,28.61461985,28.61461985,1,3,6,4,1
92576,65190,84839,-19649,-23.160339,23.160339,1,1,6,1.5,1
92647,13220,11514,1706,14.81674483,14.81674483,2,4,6,4,1
92691,2880,5849,-2969,-50.76081381,50.76081381,2,5,6,4,1
92730,70545,72785.75,-2240.75,-3.078555899,3.078555899,1,1,6,1,1
92917,12400,13000,-600,-4.615384615,4.615384615,12,5,6,2,3
93543,17580,16505,1075,6.513177825,6.513177825,1,4,6,2,1
93758,11710,9670,2040,21.09617373,21.09617373,2,4,6,2,1
94893,488,656.67,-168.67,-25.68565642,25.68565642,12,5,6,2,3
95064,32846,33825,-979,-2.894308943,2.894308943,12,3,6,1,3
95132,70105,123500,-53395,-43.23481781,43.23481781,12,1,6,1,3
97207,5850,6700,-850,-12.68656716,12.68656716,12,3,6,1,3
DEIS TH 610/TH 252,48791.66667,29791.66667,19000,63.77622378,63.77622378,12,8,1,19,3
FEIS I35E,47071.42857,29857.14286,17214.28571,57.65550239,57.65550239,12,8,1,24,3
FEIS New U.S. Hwy 10,31583.33333,25558.33333,6025,23.57352462,23.57352462,12,8,1,13,3
FEIS TH 3,15133.33333,10605,4528.333333,42.69998428,42.69998428,12,8,1,9.666666667,3
FEIS TH 77/I-494,53996.52778,61522.22222,-7525.694444,-12.23248149,12.23248149,12,8,1,10.5,3
FEIS US-12/I-394,37455.68182,26385.45455,11070.22727,41.9557952,41.9557952,12,8,1,18,3
MADD,85708.33333,91400,-5691.666667,-6.227206419,6.227206419,8,1,4,23,2
OHIODD,12475.33333,16273.16667,-3797.833333,-23.33801043,23.33801043,4,3,4,2009,1
PSU 3203A,10050,4828.75,5221.25,108.1283976,108.1283976,12,8,1,20,3
PSU 3203B,12087.5,7612.5,4475,58.78489327,58.78489327,12,8,1,20,3
SPAR-202,32000,22000,10000,45.45454545,45.45454545,12,8,1,22,3
SPAR-202A,52916.66667,33245.83333,19670.83333,59.16781552,59.16781552,12,8,1,22,3
SPAR-208,15750,17483.33333,-1733.333333,-9.914204004,9.914204004,12,8,1,24,3
SPAR-208A,18500,17833.33333,666.6666667,3.738317757,3.738317757,12,8,1,23,3
SPAR-210,41500,29305,12195,41.61405903,41.61405903,12,8,1,25,3
SPAR-215,52125,40625,11500,28.30769231,28.30769231,12,8,1,24,3
SPAR-220,12925,11343.75,1581.25,13.93939394,13.93939394,12,8,1,24,3
SPAR-224,37178.57143,22928.57143,14250,62.14953271,62.14953271,12,8,1,21,3
SPAR-227,66187.5,42862.5,23325,54.41819773,54.41819773,12,8,1,23,3
SPAR-246,47000,19000,28000,147.3684211,147.3684211,12,8,1,23,3
SPARS 15,18750,20450,-1700,-8.312958435,8.312958435,12,8,1,15,3
SPARS 16,7312.5,11300,-3987.5,-35.28761062,35.28761062,12,8,1,15,3
SPARS 17,6422.222222,6611.111111,-188.8888889,-2.857142857,2.857142857,12,8,1,15,3
SPARS 18,9841.666667,14400,-4558.333333,-31.65509259,31.65509259,12,8,1,15,3
SPARS 19,16025,29850,-13825,-46.31490787,46.31490787,12,8,1,15,3
SPARS 2,8862.5,13900,-5037.5,-36.24100719,36.24100719,12,8,1,15,3
SPARS 2A,8862.5,17250,-8387.5,-48.62318841,48.62318841,12,8,1,15,3
SPARS 3,4887.5,8366.666667,-3479.166667,-41.58366534,41.58366534,12,8,1,15,3
SPARS 32,5983.333333,12566.66667,-6583.333333,-52.3872679,52.3872679,12,8,1,15,3
SPARS 33,31075,23365,7710,32.99807404,32.99807404,12,8,1,20,3
SPARS 37,21987.5,16825,5162.5,30.68350669,30.68350669,12,8,1,14,3
SPARS 4,16972.91667,24791.66667,-7818.75,-31.53781513,31.53781513,12,8,1,15,3
SPARS 45,20041.66667,17333.33333,2708.333333,15.625,15.625,12,8,1,14,3
SPARS 48,7566.666667,7466.666667,100,1.339285714,1.339285714,12,8,1,19,3
SPARS 49,15825,17900,-2075,-11.59217877,11.59217877,12,8,1,14,3
SPARS 53,21000,29170,-8170,-28.00822763,28.00822763,12,8,1,19,3
SPARS 60,11436.11111,19088.88889,-7652.777778,-40.09022119,40.09022119,12,8,1,14,3
SPARS 61,16203.9,18157.5,-1953.6,-10.75919042,10.75919042,12,8,1,9,3
SPARS 65,15840,18980,-3140,-16.54373024,16.54373024,12,8,1,14,3
SPARS 69,31240,27700,3540,12.77978339,12.77978339,12,8,1,14,3
SPARS 72,36529.16667,31633.33333,4895.833333,15.4768177,15.4768177,12,8,1,14,3
SPARS 73,18600,19850,-1250,-6.297229219,6.297229219,12,8,1,13,3
SPARS 75,8428.333333,8950,-521.6666667,-5.82867784,5.82867784,12,8,1,13,3
SPARS 75A,3897.157895,9105.263158,-5208.105263,-57.19884393,57.19884393,12,8,1,11,3
SPARS 77,1158.333333,3210,-2051.666667,-63.91484943,63.91484943,12,8,1,20,3
SPARS 78,9287.5,41400,-32112.5,-77.56642512,77.56642512,12,8,1,13,3
TA-M207A,24250,17000,7250,42.64705882,42.64705882,12,8,1,25,3
TA-M238,81809.52381,56728.57143,25080.95238,44.21220515,44.21220515,12,8,1,21,3
TA-M240,6033.333333,5050,983.3333333,19.47194719,19.47194719,12,8,1,20,3
TA-M242,7223.529412,10011.76471,-2788.235294,-27.84958872,27.84958872,12,8,1,25,3
TA-M245,4250,5750,-1500,-26.08695652,26.08695652,12,8,1,23,3
TA-M253,18600,10312,8288,80.37238169,80.37238169,12,8,1,20,3
TA-M253 Distributor Addendum,6100,4177,1923,46.03782619,46.03782619,12,8,1,18,3
TA-M255A,19416.66667,22316.66667,-2900,-12.99477222,12.99477222,12,8,1,22,3
TA-M286,27140,21900,5240,23.92694064,23.92694064,12,8,1,24,3
TA-M289A,28562.5,18525,10037.5,54.18353576,54.18353576,12,8,1,22,3
TA-M292,54835.48387,38362.90323,16472.58065,42.93882699,42.93882699,12,8,1,17,3
TA-M296A,36562.5,33650,2912.5,8.655274889,8.655274889,12,8,1,23,3
TA-M298,7775,6233.333333,1541.666667,24.73262032,24.73262032,12,8,1,10.66666667,3
TA-M299,24400,27908.5,-3508.5,-12.57143881,12.57143881,12,8,1,25,3
TA-M300,8666.666667,5760,2906.666667,50.46296296,50.46296296,12,8,1,25,3
TA-M301,13000,9150,3850,42.07650273,42.07650273,12,8,1,25,3
TA-M302,14500,18252.5,-3752.5,-20.55882756,20.55882756,12,8,1,22,3
TA-M304,51142.85714,48585.71429,2557.142857,5.263157895,5.263157895,12,8,1,24,3
TA-M307,52636.36364,36804.54545,15831.81818,43.01593183,43.01593183,12,8,1,2000,3
TA-M308,15500,11433.33333,4066.666667,35.56851312,35.56851312,12,8,1,16,3
TA-M309,23833.33333,20533.33333,3300,16.07142857,16.07142857,12,8,1,2000,3
TA-M311,5092.857143,8071.428571,-2978.571429,-36.90265487,36.90265487,12,8,1,16,3
TA-M326,3721.875,2518.75,1203.125,47.76674938,47.76674938,12,8,1,15,3
TA-M329,25225,26040,-815,-3.129800307,3.129800307,12,8,1,15,3
TA-M335,7850,3600,4250,118.0555556,118.0555556,12,8,1,18,3
TA-M336,54571.42857,42457.14286,12114.28571,28.53297443,28.53297443,12,8,1,15,3
TA-M337,29083.33333,30918.75,-1835.416667,-5.936257665,5.936257665,12,8,1,14,3
TA-M343,7466.666667,9433.333333,-1966.666667,-20.84805654,20.84805654,12,8,1,14,3
TA-M345,16041.66667,19458.33333,-3416.666667,-17.55888651,17.55888651,12,8,1,14,3
TA-M346,12687.5,10325,2362.5,22.88135593,22.88135593,12,8,1,14,3
TA-M358,41600,38240,3360,8.786610879,8.786610879,12,8,1,15,3
TA-M372B,8433.333333,8525,-91.66666667,-1.075268817,1.075268817,12,8,1,19,3
TAS 3065A-14,27546.42857,27285.71429,260.7142857,0.955497382,0.955497382,12,8,1,16,3
TAS 3066A-14,42871.42857,47985.71429,-5114.285714,-10.65793391,10.65793391,12,8,1,16,3
TAS 3074B,11125,17501.625,-6376.625,-36.43447394,36.43447394,12,8,1,23,3
TAS 3074C-14,9750,9100,650,7.142857143,7.142857143,12,8,1,17,3
TAS 3080,14487.5,15500,-1012.5,-6.532258065,6.532258065,12,8,1,19,3
TAS 3081,11260,12480,-1220,-9.775641026,9.775641026,12,8,1,18,3
TAS 3081A-14,17083.33333,14216.66667,2866.666667,20.16412661,20.16412661,12,8,1,22,3
TAS3081B-14,17812.5,15600,2212.5,14.18269231,14.18269231,12,8,1,21,3
TAS3082-14,28671.42857,39785.71429,-11114.28571,-27.93536804,27.93536804,12,8,1,17,3
TAS3084-14,20375,16200,4175,25.77160494,25.77160494,12,8,1,17,3
TAS3085-14,7575,6812.5,762.5,11.19266055,11.19266055,12,8,1,17,3
TAU 3061A,18437.5,16900,1537.5,9.097633136,9.097633136,12,8,1,21,3
TAU 3065,19575,14010.66667,5564.333333,39.71497906,39.71497906,12,8,1,20,3
TAU 3069,56583.33333,51976,4607.333333,8.864347648,8.864347648,12,8,1,20,3
TAU 3073,11831.25,13225,-1393.75,-10.53875236,10.53875236,12,8,1,21,3
TAU 3073A,6991.666667,5000,1991.666667,39.83333333,39.83333333,12,8,1,19,3
TAU 3074,3250,5160,-1910,-37.01550388,37.01550388,12,8,1,22,3
TAU 3074A,11350,11525,-175,-1.518438178,1.518438178,12,8,1,23,3
TAU 3075,6000,2600,3400,130.7692308,130.7692308,12,8,1,20,3
TAU 3076,8287.5,8495,-207.5,-2.442613302,2.442613302,12,8,1,16,3
TAU 3078,23166.66667,20716.66667,2450,11.82622687,11.82622687,12,8,1,21,3
TAU 3451A,22291.66667,20233.33333,2058.333333,10.17298188,10.17298188,12,8,1,25,3
TAU 3451B,21000,16116.66667,4883.333333,30.29989659,30.29989659,12,8,1,25,3
TAU3204A,1716.666667,910,806.6666667,88.64468864,88.64468864,12,8,1,24,3
WIDD,60220.83333,65100,-4879.166667,-7.494879672,7.494879672,4,3,4,8,1
X,7587.692308,7968.256154,-380.5638462,-4.77599915,4.77599915,3.076923077,4,6,1.769230769,1
Nicolaisen5,16800,19300,-2500,-12.95336788,12.95336788,6,8,1,,3
Nicolaisen8,9112,9700,-588,-6.06185567,6.06185567,6,8,1,,3
Nicolaisen9,32405,31000,1405,4.532258065,4.532258065,6,8,4,,3
Nicolaisen11,15600,15900,-300,-1.886792453,1.886792453,6,8,1,,3
Nicolaisen14,55526,45900,9626,20.97167756,20.97167756,6,8,6,,3
Nicolaisen15,68726,67300,1426,2.118870728,2.118870728,6,8,6,,3
Nicolaisen18,7584,4300,3284,76.37209302,76.37209302,6,8,6,,3
Nicolaisen22,8300,7500,800,10.66666667,10.66666667,6,8,6,,3
Nicolaisen23,21932,9800,12132,123.7959184,123.7959184,6,8,6,,3
Nicolaisen25,14200,17500,-3300,-18.85714286,18.85714286,6,8,6,,3
Nicolaisen30,22319,21100,1219,5.777251185,5.777251185,6,8,5,,3
Nicolaisen31,29547,30600,-1053,-3.441176471,3.441176471,6,8,5,,3
Nicolaisen32,44600,45000,-400,-0.888888889,0.888888889,6,8,6,,3
Nicolaisen33,15100,11000,4100,37.27272727,37.27272727,6,8,6,,3
Nicolaisen34,18200,10000,8200,82,82,6,8,6,,3
Nicolaisen35,4200,2700,1500,55.55555556,55.55555556,6,8,6,,3
Nicolaisen36,20000,17000,3000,17.64705882,17.64705882,6,8,6,,3
Nicolaisen37,11500,20000,-8500,-42.5,42.5,6,8,6,,3
Nicolaisen38,7500,7750,-250,-3.225806452,3.225806452,6,8,6,,3
Nicolaisen39,12800,12500,300,2.4,2.4,6,8,6,,3
Nicolaisen40,6306,5400,906,16.77777778,16.77777778,6,8,6,,3
Nicolaisen41,14600,11100,3500,31.53153153,31.53153153,6,8,6,,3
Nicolaisen42,3660,2300,1360,59.13043478,59.13043478,6,8,6,,3
Nicolaisen43,6200,7000,-800,-11.42857143,11.42857143,6,8,6,,3
Nicolaisen44,2700,1300,1400,107.6923077,107.6923077,6,8,6,,3
Nicolaisen45,15395,11200,4195,37.45535714,37.45535714,6,8,6,,3
Nicolaisen46,14731,10000,4731,47.31,47.31,6,8,6,,3
Nicolaisen47,48861,30000,18861,62.87,62.87,6,8,6,,3
Nicolaisen48,4350,3500,850,24.28571429,24.28571429,6,8,6,,3
Nicolaisen49,3900,5400,-1500,-27.77777778,27.77777778,6,8,6,,3
Nicolaisen50,8000,6000,2000,33.33333333,33.33333333,6,8,6,,3
Nicolaisen51,2100,2000,100,5,5,6,8,6,,3
Nicolaisen52,3310,2000,1310,65.5,65.5,6,8,6,,3
Nicolaisen53,3400,4000,-600,-15,15,6,8,6,,3
Nicolaisen54,24600,20000,4600,23,23,6,8,6,,3
Nicolaisen55,12200,8000,4200,52.5,52.5,6,8,6,,3
Nicolaisen56,3800,3000,800,26.66666667,26.66666667,6,8,6,,3
Nicolaisen57,4100,3000,1100,36.66666667,36.66666667,6,8,6,,3
Nicolaisen58,16000,11500,4500,39.13043478,39.13043478,6,8,6,,3
Nicolaisen59,14350,12000,2350,19.58333333,19.58333333,6,8,6,,3
Nicolaisen60,8200,4300,3900,90.69767442,90.69767442,6,8,6,,3
Nicolaisen61,1700,1000,700,70,70,6,8,6,,3
Nicolaisen62,8600,5500,3100,56.36363636,56.36363636,6,8,6,,3
Nicolaisen63,6900,6500,400,6.153846154,6.153846154,6,8,6,,3
Nicolaisen64,4400,4100,300,7.317073171,7.317073171,6,8,6,,3
Nicolaisen65,728,480,248,51.66666667,51.66666667,6,8,6,,3
Nicolaisen66,8322,8800,-478,-5.431818182,5.431818182,6,8,6,,3
Nicolaisen67,19410,19000,410,2.157894737,2.157894737,6,8,6,,3
Nicolaisen68,13708,14600,-892,-6.109589041,6.109589041,6,8,6,,3
Nicolaisen69,13412,13700,-288,-2.102189781,2.102189781,6,8,6,,3
Nicolaisen70,12000,11100,900,8.108108108,8.108108108,6,8,6,,3
Nicolaisen71,26700,35000,-8300,-23.71428571,23.71428571,6,8,6,,3
Nicolaisen72,10901,10130,771,7.611056269,7.611056269,6,8,6,,3
Nicolaisen73,1486,1355,131,9.667896679,9.667896679,6,8,6,,3
Nicolaisen74,49500,46800,2700,5.769230769,5.769230769,6,8,6,,3
Nicolaisen75,2500,755,1745,231.1258278,231.1258278,6,8,6,,3
Nicolaisen76,3986,4200,-214,-5.095238095,5.095238095,6,8,6,,3
Nicolaisen77,67000,88900,-21900,-24.6344207,24.6344207,6,8,6,,3
Nicolaisen78,5023,5700,-677,-11.87719298,11.87719298,6,8,6,,3
Nicolaisen79,12752,11400,1352,11.85964912,11.85964912,6,8,6,,3
Nicolaisen80,32500,22000,10500,47.72727273,47.72727273,6,8,6,,3
Nicolaisen81,17200,16000,1200,7.5,7.5,6,8,6,,3
Nicolaisen82,12000,11000,1000,9.090909091,9.090909091,6,8,6,,3
Nicolaisen83,19466,20700,-1234,-5.961352657,5.961352657,6,8,6,,3
Nicolaisen84,3881,4150,-269,-6.481927711,6.481927711,6,8,6,,3
Nicolaisen85,6470,2000,4470,223.5,223.5,6,8,6,,3
Nicolaisen86,1000,900,100,11.11111111,11.11111111,6,8,6,,3
Nicolaisen87,100,100,0,0,0,6,8,6,,3
Nicolaisen88,67030,82700,-15670,-18.94800484,18.94800484,6,8,6,,3
Nicolaisen89,37620,46000,-8380,-18.2173913,18.2173913,6,8,6,,3
Nicolaisen91,9200,13280,-4080,-30.72289157,30.72289157,6,8,6,,3
Nicolaisen92,14900,15500,-600,-3.870967742,3.870967742,6,8,6,,3
Nicolaisen93,103900,86000,17900,20.81395349,20.81395349,6,8,6,,3
Nicolaisen95,23980,24930,-950,-3.810669876,3.810669876,6,8,6,,3
Nicolaisen96,5320,5634,-314,-5.573304934,5.573304934,6,8,6,,3
Nicolaisen97,15180,16216,-1036,-6.38875185,6.38875185,6,8,6,,3
Nicolaisen98,14840,15500,-660,-4.258064516,4.258064516,6,8,6,,3
Nicolaisen99,43910,38295,5615,14.66248858,14.66248858,6,8,6,,3
Nicolaisen100,6520,6984,-464,-6.643757159,6.643757159,6,8,6,,3
Nicolaisen107,20850,21500,-650,-3.023255814,3.023255814,6,8,6,,3
Nicolaisen112,19750,27700,-7950,-28.70036101,28.70036101,6,8,6,,3
Nicolaisen117,,,0,#DIV/0!,#DIV/0!,6,8,6,,3
Nicolaisen125,11700,7300,4400,60.2739726,60.2739726,6,8,6,,3
Nicolaisen136,28200,18200,10000,54.94505495,54.94505495,6,8,6,,3
Nicolaisen152,156091,175866,-19775,-11.2443565,11.2443565,6,8,6,,3
Nicolaisen158,,,0,#DIV/0!,#DIV/0!,6,8,6,,3
Nicolaisen164,149700,154100,-4400,-2.855288774,2.855288774,6,8,6,,3
Nicolaisen174,242055,254538,-12483,-4.904179337,4.904179337,6,8,6,,3
Nicolaisen179,19500,16000,3500,21.875,21.875,6,8,6,,3
Nicolaisen184,23500,25000,-1500,-6,6,6,8,6,,3
Nicolaisen199,81200,74600,6600,8.847184987,8.847184987,6,8,6,,3
Nicolaisen206,,,0,#DIV/0!,#DIV/0!,6,8,6,,3
Nicolaisen215,40400,40850,-450,-1.101591187,1.101591187,6,8,6,,3
Nicolaisen221,27600,32250,-4650,-14.41860465,14.41860465,6,8,6,,3
Nicolaisen225,53900,47708,6192,12.97895531,12.97895531,6,8,6,,3
Nicolaisen238,109900,109000,900,0.825688073,0.825688073,6,8,6,,3
Nicolaisen247,88197,59658,28539,47.83767475,47.83767475,6,8,6,,3
Nicolaisen252,20400,28400,-8000,-28.16901408,28.16901408,6,8,6,,3
Nicolaisen260,69309,50691,18618,36.72841333,36.72841333,6,8,6,,3
Nicolaisen264,52613,34992,17621,50.35722451,50.35722451,6,8,6,,3
Nicolaisen271,32550,24880,7670,30.82797428,30.82797428,6,8,6,,3
Nicolaisen284,85902,101390,-15488,-15.27566821,15.27566821,6,8,6,,3
Nicolaisen292,32400,30400,2000,6.578947368,6.578947368,6,8,6,,3
Nicolaisen299,31700,30400,1300,4.276315789,4.276315789,6,8,6,,3
Nicolaisen304,26500,27500,-1000,-3.636363636,3.636363636,6,8,6,,3
Nicolaisen315,105354,105938,-584,-0.551265835,0.551265835,6,8,6,,3
Nicolaisen321,2206,1600,606,37.875,37.875,6,8,6,,3
Nicolaisen331,33600,24600,9000,36.58536585,36.58536585,6,8,6,,3
Nicolaisen347,114115,159120,-45005,-28.28368527,28.28368527,6,8,6,,3
Nicolaisen353,60200,70800,-10600,-14.97175141,14.97175141,6,8,6,,3
Nicolaisen357,62900,57100,5800,10.15761821,10.15761821,6,8,6,,3
Nicolaisen360,130932,146158,-15226,-10.4174934,10.4174934,6,8,6,,3
Nicolaisen362,43600,50600,-7000,-13.83399209,13.83399209,6,8,6,,3
Nicolaisen366,143361,151744,-8383,-5.524435892,5.524435892,6,8,6,,3
Nicolaisen381,554300,703950,-149650,-21.25861212,21.25861212,6,8,6,,3
Nicolaisen392,727650,717000,10650,1.485355649,1.485355649,6,8,6,,3
Nicolaisen409,278100,256500,21600,8.421052632,8.421052632,6,8,6,,3
Nicolaisen413,254000,298000,-44000,-14.76510067,14.76510067,6,8,6,,3
